week,release,z,R0,R1,R2
2012-02-24,2012-02-29,1.4214478398292072,0.45865199511063776,1.556740111211825,-0.37425193383381117
2012-03-02,2012-03-07,2.1821315437548163,1.375276572458136,0.4605054893407606,1.1612792050812364
2012-03-09,2012-03-14,2.0247968368127136,-1.1404996613990357,-0.2847922942534654,1.4493007302566825
2012-03-16,2012-03-21,-0.09591592488376219,1.119748232273537,-1.7843286712651618,-0.4125650483852357
2012-03-23,2012-03-28,1.1205208971476623,-1.8052389450161288,-2.507456408243135,-2.2742428150285376
2012-03-30,2012-04-04,0.8196050264266019,-2.422886703179506,1.7186244705410862,0.9020553371777527
2012-04-06,2012-04-11,0.2141631238273483,1.5114626733609653,0.9983121438029711,0.17518252655316546
2012-04-13,2012-04-18,-0.7895548781733217,-1.5274852286288305,-0.2633762435505465,0.9019117530802652
2012-04-20,2012-04-25,0.37707473484518156,0.5995569647549501,0.806610864550286,1.0931166473923088
2012-04-27,2012-05-02,0.6795706427109752,-0.8703110462990916,-2.5890479390130827,-6.638345238087988
2012-05-04,2012-05-09,0.4469790889174747,-0.3403293131707807,0.3094381014747802,-0.7986351632649933
2012-05-11,2012-05-16,1.3831228709199686,-1.2744483071375945,-0.2698183062658758,-1.3782843396310787
2012-05-18,2012-05-23,1.5048502279792981,-2.256233730708668,1.068100942033409,1.3774934540282318
2012-05-25,2012-05-31,-0.0724122718629353,-1.4571997853259504,-3.9488895204261785,-3.0154217561308103
2012-06-01,2012-06-06,1.4123098465234405,0.8738836907286449,-0.3179652917379684,-1.1470592273175033
2012-06-08,2012-06-13,0.2245077832060747,-0.9523307463550337,1.5265636916513459,1.7648576206874194
2012-06-15,2012-06-20,0.7225675761951881,-3.5508122937373203,-3.963530685739575,-2.1573253886251016
2012-06-22,2012-06-27,0.16534741807577868,1.1653537057301422,-3.2283327634246115,5.772578189020723
2012-06-29,2012-07-05,0.25550148768228703,-0.7206207907267242,-3.1959799653265266,-1.363867650566894
2012-07-06,2012-07-11,-0.7396031692443249,2.3087008922538375,0.16288543450099155,1.4679798955449737
2012-07-13,2012-07-18,-0.4883310346822209,0.9052869873350429,3.1755652006469286,1.851904776723753
2012-07-20,2012-07-25,0.4615343463174319,0.5873068609588756,0.673403218134412,1.486642257019391
2012-07-27,2012-08-01,-1.3415857257530903,1.0278511454346233,-2.009034145415046,2.672147459133352
2012-08-03,2012-08-08,-0.4407659108009596,-0.3100446167835508,0.0,-0.4830149464794232
2012-08-10,2012-08-15,1.4077804155874012,1.011992657976225,1.3788966437591574,1.733691965327716
2012-08-17,2012-08-22,0.3204336594561379,0.351530552238939,-1.0583207308007465,-1.15224194824494
2012-08-24,2012-08-29,0.2420083674571963,-0.8342071317395234,-0.9363068770331662,1.0105831695777552
2012-08-31,2012-09-06,-0.20297130511463907,0.21995295591909822,0.8646337526276908,0.9786647606818855
2012-09-07,2012-09-12,-0.4547175352058753,-0.010306622013765329,1.3106884336050397,1.9596462982492175
2012-09-14,2012-09-19,1.2489421380036358,-3.504257709220418,0.18467225931647113,0.7258576910078802
2012-09-21,2012-09-26,0.32907472513570823,-1.2708055434346173,2.1671823367412535,2.4822801146981335
2012-09-28,2012-10-03,0.5794778441327318,-4.098979992080806,3.891974416171996,1.8870603770192742
2012-10-05,2012-10-11,0.4828041859200585,1.0358267394315777,-0.3912623185072113,-0.38037322392466494
2012-10-12,2012-10-17,-0.18890303762619012,-0.03258921325892189,-0.04346881181248836,-2.2413594836900126
2012-10-19,2012-10-24,-0.11226670164030027,-1.464801824210042,0.23394559740036736,0.5256100402928277
2012-10-26,2012-10-31,-0.11497649552767424,0.6748920194104083,0.9464521249964788,-1.5544051646931443
2012-11-02,2012-11-07,0.07024081858285552,-4.760603140821528,0.6722912624664806,1.852556205034618
2012-11-09,2012-11-15,-0.09589581477700496,-1.012991138827926,1.359932622488069,4.1266600174070796
2012-11-16,2012-11-21,0.7156719829488548,0.7145357126860937,-0.08041817884135768,0.22941051584687921
2012-11-23,2012-11-28,-0.023200703339209653,-0.8212410970031567,1.7728103293580817,2.7945015870309926
2012-11-30,2012-12-05,-1.2213299107434044,-0.7753744661666037,-2.187207481866833,-2.2106102434994934
2012-12-07,2012-12-12,0.22826755408567131,1.153119759918964,-1.1179806673172703,-0.03474836428083983
2012-12-14,2012-12-19,-0.9405104824317767,1.8465548747778022,0.7492347041833733,-1.0040131719806826
2012-12-21,2012-12-27,1.9898484810157278,0.2202401506914121,-0.27537606210636195,1.006903549166405
2012-12-28,2013-01-03,0.7098119516339673,-0.18268770864646053,0.16121235153612237,0.24708612237788885
2013-01-04,2013-01-09,-0.23522390815111088,-0.13956736389746913,0.7812121703768593,0.557104504945543
2013-01-11,2013-01-16,2.441898241555882,1.0877786687755489,1.2752451894180719,1.4008339029424313
2013-01-18,2013-01-24,-0.4716718465641243,0.304606086056453,-0.20997383042695023,0.6272890407280959
2013-01-25,2013-01-30,-0.01976043555389303,0.3680985751427293,-0.3373718887740824,-0.5321338795068703
2013-02-01,2013-02-06,-0.3948177514999566,-0.24855025223120228,-0.6240918945831027,-0.7598267105155253
2013-02-08,2013-02-13,-1.776614901271179,-0.46270197197973845,0.27787801547512875,-1.1192986583499194
2013-02-15,2013-02-21,0.80936108371635,-2.2695556202474836,0.3550108618039625,-0.053899640177331766
2013-02-22,2013-02-27,-0.6518387625893608,0.22645181403003153,-0.8762970555470824,-2.320997677938361
2013-03-01,2013-03-06,-0.4266269002849929,-0.4521650935190891,1.164848335903764,1.687896275661972
2013-03-08,2013-03-13,-2.4489687543575505,0.032448218336738034,0.6037754190919963,1.0970211113677018
2013-03-15,2013-03-20,-0.19451779752060483,0.8295226666885704,-0.8078893512986326,0.21433938116916557
2013-03-22,2013-03-27,0.30816259586871264,0.5609821485078356,0.7328308587398814,0.5887534436755301
2013-03-29,2013-04-03,-0.37253905308102025,-2.2991910062790515,-1.8696104378600316,-2.4071883371444227
2013-04-05,2013-04-10,0.8050122167444907,0.4343917409670615,-1.2232243145162318,-3.616797186769615
2013-04-12,2013-04-17,0.7538271877911012,-2.372103468563124,1.3526111767410882,1.591424049664588
2013-04-19,2013-04-24,-0.24983446123288622,2.06353006540352,2.3870071159044897,1.6984621686209054
2013-04-26,2013-05-01,-2.1628096689649396,-2.6964016708777083,3.2099915008558786,4.850673977099261
2013-05-03,2013-05-08,-1.5198080192877743,0.458238668960854,-0.15598193772468313,-0.4478008003641349
2013-05-10,2013-05-15,0.6927237139743715,-0.0106433931237661,0.9533970521548887,1.8664537180698215
2013-05-17,2013-05-22,-0.025744636279396403,-1.6567677011612263,0.14885701844920002,-0.14907893294496727
2013-05-24,2013-05-30,-0.06205473136066786,0.4713452754255102,-1.7682401412158149,-0.17114134030641687
2013-05-31,2013-06-05,-0.32058771308325185,0.3208215777095156,1.1148387482614202,2.582216507979733
2013-06-07,2013-06-12,-0.20939727169165379,0.5013588943414923,0.7059829986838364,1.9091442039237942
2013-06-14,2013-06-19,-0.5308147255607373,-0.2236909931222201,-3.469513841316511,-4.614200426097261
2013-06-21,2013-06-26,1.1901684108261898,0.23070480031314863,1.5898916493441015,0.9279115736728879
2013-06-28,2013-07-03,0.38644250259669605,2.2524145165049516,1.141420128444019,1.083201613312335
2013-07-05,2013-07-10,-3.078101988402236,2.8114492878271173,-1.5532086088766623,-0.5276559872765988
2013-07-12,2013-07-17,-0.8202352509020333,0.48052101693742566,1.4463929662222028,1.501963959594497
2013-07-19,2013-07-24,-2.186070097223724,-1.6185542007368918,0.056904402142495446,-0.618548862758657
2013-07-26,2013-07-31,-1.6740126188257283,1.8824989260092448,2.6570590954349664,1.7355651637680165
2013-08-02,2013-08-07,-2.0308729820678724,-0.8677878326089594,-0.9237052110466885,1.549092511880583
2013-08-09,2013-08-14,-1.2336620285511233,0.1029625213814257,0.5039204392596781,0.6434488559242155
2013-08-16,2013-08-21,-0.7777645042006308,-0.928991980192115,0.9575865569489235,2.423957848652597
2013-08-23,2013-08-28,-0.10099915933554642,0.9668079684966256,-1.5182292719857267,-2.007860256183263
2013-08-30,2013-09-05,-1.7775118341240344,1.1214724331859411,1.9350731586017835,1.0269666637456045
2013-09-06,2013-09-11,-0.18835137501607263,0.15804400630816234,0.9890546032516262,0.6112262037273798
2013-09-13,2013-09-18,0.33743457168439367,2.687553487202949,-1.8369671284257834,-3.3159474430563884
2013-09-20,2013-09-25,-0.036088589653089836,-0.5245276717641338,0.4082035019974557,0.17514843438304725
2013-09-27,2013-10-02,0.392440167769505,1.9977390526057033,-0.8291601688438939,-0.30772213916184976
2013-10-04,2013-10-09,-0.02438027582446545,-1.8619244324080277,1.4166618634489228,0.5299325453657193
2013-10-11,2013-10-17,0.321242642750123,-1.595621364085403,0.14881693306524266,-1.44002488397399
2013-10-18,2013-10-23,0.15297745701704218,-0.7505304340859441,-0.25833132423805993,0.514669175176878
2013-10-25,2013-10-30,2.2811910825288853,-1.5171997846557908,-0.5385823479787477,-2.3515741074192062
2013-11-01,2013-11-06,1.2448403683265075,1.4244952260808674,-0.5185471167485561,-0.19017438378175833
2013-11-08,2013-11-14,0.7427109304170493,-0.15985509878196627,0.04265301834763173,-0.781630404823523
2013-11-15,2013-11-20,0.8743518411851955,-0.010712946606200592,2.1305591524758425,1.2668503915623408
2013-11-22,2013-11-27,-0.06101547436232299,-1.4666498205670435,0.5417131340419759,1.680530770456641
2013-11-29,2013-12-04,-0.7559292135165665,1.1825863960783987,0.17515846011438688,0.5245576440550548
2013-12-06,2013-12-11,-0.30245792397029175,0.15436072012763996,-0.04113956655781027,-1.0128238708680504
2013-12-13,2013-12-18,-1.6359629492503613,0.6167148747918538,0.8265774904838088,1.545531526524724
2013-12-20,2013-12-26,-1.2277452859046438,0.31305251519462024,0.7633624855070985,-0.2827142432321346
2013-12-27,2014-01-02,-0.5674846268789395,-3.1351178700294593,-1.567828724873976,-2.146050702100768
2014-01-03,2014-01-08,0.5267503905666501,-1.522625388428925,-0.5893283453941321,0.5317718321012461
2014-01-10,2014-01-15,0.05969917661773973,1.7533929545607834,-0.256246136370005,0.19175461292716328
2014-01-17,2014-01-23,0.665540166045919,0.9091910961190426,-0.5879639404627758,-1.4607874366589755
2014-01-24,2014-01-29,-0.10260085337285214,-0.1539804235871874,0.9305246344062381,0.21550626638118042
2014-01-31,2014-02-05,-1.4185354807743225,0.16440612005668798,0.45072807304275325,2.614395533693485
2014-02-07,2014-02-12,-2.8836354295121955,0.41928782600359576,-0.10964366909536273,-0.06975933313937362
2014-02-14,2014-02-20,-1.5370969169356987,-0.2516211527906576,-0.6513414365462523,-0.02907399351778072
2014-02-21,2014-02-26,-1.535314428914274,0.7117467768863955,-0.24317895355284302,-0.04858850491588591
2014-02-28,2014-03-05,-3.4717128180991828,-1.8404531371204866,0.0687724151485511,1.046106230465424
2014-03-07,2014-03-12,-1.2190531893363024,-2.0143696521578924,0.28446630988095206,0.9518095347612224
2014-03-14,2014-03-19,-1.063190757352369,0.6275233501397398,-1.0280044620910158,-0.7374958680963906
2014-03-21,2014-03-26,-1.542447636126078,0.9487263450700859,0.6341049682689117,1.1070588501697696
2014-03-28,2014-04-02,-1.1274676215892567,-0.09032064440600446,0.6903824509564513,1.5541257211211779
2014-04-04,2014-04-09,0.057768560068768675,0.9509095522273593,-0.17398032611996794,0.1254644762371557
2014-04-11,2014-04-16,-1.121224981713311,0.009642736616117201,0.5960409878235137,0.6152090921566805
2014-04-18,2014-04-23,-0.8740748720745997,-0.21657815120545465,0.7168489478612496,-0.6128923890770827
2014-04-25,2014-04-30,-0.9338987117909626,-1.4779815734113015,-0.3804570067752062,0.01998401285629065
2014-05-02,2014-05-07,-1.8051249700305527,1.2446021165267507,-0.5357687188371205,-0.7349322979152033
2014-05-09,2014-05-14,-0.5454676272273988,0.6059439963195462,-0.8709748263004059,-0.31228677667743077
2014-05-16,2014-05-21,-0.7180546277397931,1.458188166681494,-0.26879156050758807,0.6688349030022303
2014-05-23,2014-05-29,-1.7512125194882802,0.8572994759566464,-0.8282817265631105,-1.147941029125864
2014-05-30,2014-06-04,0.03949970275590619,-0.06776051757259799,-0.09688045710280589,0.04840505443270021
2014-06-06,2014-06-11,0.38726153767040306,0.019042178482756623,2.035501864216085,2.30565899904312
2014-06-13,2014-06-18,0.39932840636718664,-0.2902759657961463,0.41175427816986077,1.2209481090363172
2014-06-20,2014-06-25,0.7261978431615803,0.37439205094650607,-0.5151512352626026,-0.543326863530705
2014-06-27,2014-07-02,-1.3546887193637114,-0.8331803547785812,-0.40011485216869935,-0.9457012737105882
2014-07-04,2014-07-09,0.6203097321753895,-1.0918510323689385,0.6584704725192302,-1.418741080738692
2014-07-11,2014-07-16,-0.47391268997082175,1.304108582926416,1.9055602844523667,1.895929620410645
2014-07-18,2014-07-23,-1.1224192883134796,-0.7485639561022819,-1.0166132963471193,1.3586125547566708
2014-07-25,2014-07-30,-0.41168477448765983,-0.5927359610272547,-5.986381244634334,-6.363759427214405
2014-08-01,2014-08-06,0.7222081745034619,-0.4220935900791611,0.42209359007915365,0.699087868235698
2014-08-08,2014-08-13,0.7420552042071452,0.2154620440586816,-2.1025061158042706,-0.2771079927899286
2014-08-15,2014-08-20,2.1152748056479678,2.149492980194086,-2.5530619221526343,-2.936898623284663
2014-08-22,2014-08-27,1.2115378817603852,0.041753654051256764,0.6449621857994227,2.106645440600143
2014-08-29,2014-09-04,0.19280663315828855,-1.0420598479719765,-1.2671201853735625,-1.9984635182279682
2014-09-05,2014-09-10,0.5418443698550843,-1.106062024128186,1.2784572828576777,0.511176272150962
2014-09-12,2014-09-17,0.6682982769250236,-0.6129801480639013,-1.3447374464142798,-2.0347671385075508
2014-09-19,2014-09-24,0.4716247773892643,2.2145112363026667,-0.010684331438113663,2.0619287202735608
2014-09-26,2014-10-01,0.6030551152695646,-0.47276213609936346,0.3080988352677983,-1.0858832461431565
2014-10-03,2014-10-08,-1.3734893607736554,-1.8163741506325066,-1.7683211424766594,-1.6401384062864997
2014-10-10,2014-10-16,0.6789957491957173,0.6213848809082297,0.5692500080879239,0.520929156700771
2014-10-17,2014-10-22,0.7398446186793696,-3.334252808896247,2.8043226274018016,0.9271343993522606
2014-10-24,2014-10-29,0.4644352450190363,1.0879637905176782,-1.4573768445318782,-2.113360383802767
2014-10-31,2014-11-05,-0.1292032808660326,2.001863334518882,-1.072944256546391,0.0
2014-11-07,2014-11-13,0.4899817493594963,-4.006087936889996,2.372811936004856,2.0164935121628385
2014-11-14,2014-11-19,-0.2937363685884039,0.0,1.438298865719064,2.608210336130465
2014-11-21,2014-11-26,0.7568349224267827,-0.4602688510005852,-11.125756155170603,-6.618619168659605
2014-11-28,2014-12-04,-0.9325397065685781,-0.3888727604660933,-1.2667941989786675,-5.54585345359809
2014-12-05,2014-12-10,-0.04687610836138524,-4.410239268082536,-1.6198701306943522,-5.354814521398025
2014-12-12,2014-12-17,2.8819343468845955,0.8185099077780595,-4.068909532409968,0.8470140633983838
2014-12-19,2014-12-26,0.49240512815429055,-3.933343525115888,-2.0917005082893314,-0.8277431607511158
2014-12-26,2014-12-31,1.9000698266232046,-1.2826646715100856,-1.3751747276802577,-6.5724131709824745
2015-01-02,2015-01-07,1.2577387908005453,1.4689412783060962,-0.7007448295306119,-5.552877580207024
2015-01-09,2015-01-14,1.7327356689270614,5.445683910594985,-4.470489271389159,0.0
2015-01-16,2015-01-23,2.6032861976633743,-5.564747769357199,5.43927723846755,15.862270567221575
2015-01-23,2015-01-30,1.6410106385598582,5.43927723846755,10.422993328754025,5.476080564289072
2015-01-30,2015-02-05,2.913288355722229,-4.94691276446494,2.3106569434736715,4.852599827171313
2015-02-06,2015-02-11,1.5223199827867886,-2.549197314452673,4.742310995789911,7.612584120906177
2015-02-13,2015-02-19,3.79512583022809,-1.9564788710735266,-2.3153304974716753,-3.099175330833755
2015-02-20,2015-02-25,1.838708974657325,3.5859205178126206,-5.312791683897407,-0.8192672459987319
2015-02-27,2015-03-04,0.06913681512573636,2.157792625149903,-1.5055519493946032,-3.797173602717538
2015-03-06,2015-03-11,2.265251662207856,-0.74627212015896,-1.975269096499171,-6.845796909388191
2015-03-13,2015-03-18,2.626082053621273,2.817727883091931,-1.3762202542862934,3.0235117847916397
2015-03-20,2015-03-25,1.2442856285799395,3.591950148689962,5.312750862355714,0.1639680629712595
2015-03-27,2015-04-01,2.358923659985077,4.906953279815209,-1.995028384731063,3.8360867872446374
2015-04-03,2015-04-08,0.5990304139788742,-6.7273180607424985,0.6914973716434805,2.331838779483907
2015-04-10,2015-04-15,0.7597777957149913,5.386970991273077,0.7791787251682768,-0.9646377051805337
2015-04-17,2015-04-22,0.7094347860488621,1.0559382229983816,0.7449484610091148,-0.3388322457033935
2015-04-24,2015-04-29,-0.6096442124556875,2.595301373564165,1.8109998206199078,0.9349834368326194
2015-05-01,2015-05-06,-0.18570049605061617,0.9067739981710294,-3.2357726245419007,-2.5263101892752995
2015-05-08,2015-05-13,-0.9027047797947534,-0.3629768050578724,-1.0133818760424729,-1.2808958292581247
2015-05-15,2015-05-20,-0.4858195169722942,2.8558624160387316,2.0480823320818042,-0.13577734604603595
2015-05-22,2015-05-28,-0.1953287074367444,0.31250025431352807,4.341872410196637,4.325273522284021
2015-05-29,2015-06-03,-0.6087804723338773,-2.6950461408175173,-2.838637098757116,-0.9429266697712442
2015-06-05,2015-06-10,-0.487366018345433,1.9916714638312931,-1.015569744139795,-2.3080483824603784
2015-06-12,2015-06-17,0.20200664129325102,-0.20016687250504475,0.8645107874278803,-0.45184580264456853
2015-06-19,2015-06-24,-1.5061227832692992,-1.7181985555292216,-0.7023440242533899,-1.0048652633771427
2015-06-26,2015-07-01,0.3428698472325711,-4.364203974206285,-0.01756388869009817,-8.156593721405795
2015-07-03,2015-07-08,0.6291393740813533,-1.3854368223480664,2.203787568847795,2.1658728764505004
2015-07-10,2015-07-15,0.7242907814154541,-3.1596692598872695,-0.977524890464233,-1.0168253429252683
2015-07-17,2015-07-22,1.183010353473304,-2.6438551747972987,-2.3825320844509448,-2.6531119144323307
2015-07-24,2015-07-29,0.6238711170410326,1.65395542079888,-0.4933206304836506,-3.463007701001153
2015-07-31,2015-08-05,0.2984118100730788,-1.3644577882620392,-0.9797450893549837,-2.8316498660787346
2015-08-07,2015-08-12,0.23441295314886276,0.2548362319696695,-2.222573650004133,-1.7976438321383463
2015-08-14,2015-08-19,0.2959241425351033,-4.392881977846167,0.6116227017436053,-0.7389196182370976
2015-08-21,2015-08-26,0.534522806080481,-1.6742181143073525,9.81397030314413,16.24280162743839
2015-08-28,2015-09-02,0.13667028338822693,2.0070481740492663,0.9672294642507727,-0.6065876484968494
2015-09-04,2015-09-10,-0.3537238535797512,3.823537542101809,-2.4283753981609504,-3.9595919848578305
2015-09-11,2015-09-16,-1.3074008454122308,5.541221138560843,-0.4040409537004974,-5.250034909744191
2015-09-18,2015-09-23,-0.09112073771159697,-3.61671171852865,0.916514742357207,2.2647504372356124
2015-09-25,2015-09-30,-0.9731413527244714,-0.39867162438213444,-0.6903490283233995,1.0596125631495033
2015-10-02,2015-10-07,0.2472191819483381,-1.3902080936897547,3.288417961304288,3.712104663903192
2015-10-09,2015-10-15,0.907128276304137,-0.5375778992843903,1.9641963670501588,-1.0185373566255014
2015-10-16,2015-10-21,-0.3119207549456997,-1.3617605556660488,-0.7101672101615164,-2.9397382276197757
2015-10-23,2015-10-28,-1.1475258151369214,6.1046548393860265,0.19575862695178506,1.448204279389823
2015-10-30,2015-11-04,0.27634591044560186,-3.312404742503265,-2.292927181687255,-4.413779082571144
2015-11-06,2015-11-11,0.8514568170382082,-2.936664344997087,-2.8576746781209716,-5.405428641666591
2015-11-13,2015-11-18,0.5195404160731438,0.04909180265505915,-0.49200591254498705,-3.3943862704057213
2015-11-20,2015-11-25,1.0037450731227666,0.8038041085762029,-1.5894698243957062,-1.9351491809633483
2015-11-27,2015-12-02,0.4967664944760437,-1.6147413322538673,2.839346398522741,0.17515330388062744
2015-12-04,2015-12-09,-0.3075589209570659,-0.8040783070304773,-1.0822616458151417,-4.148376708533277
2015-12-11,2015-12-16,0.18675824555328605,-4.858921972989334,-1.6163686658793923,-2.362426645710045
2015-12-18,2015-12-23,1.302217171793094,1.7563568938701597,2.312552638539793,-1.0941028178208185
2015-12-25,2015-12-30,0.37930142255348764,-3.464828928676204,1.4650289157873146,0.5994568359814243
2016-01-08,2016-01-13,-0.335044718487694,0.0,2.595862825613905,-3.2406376733551214
2016-01-15,2016-01-21,-0.23140205530426056,10.216952280468423,8.183726985295642,2.53939472176045
2016-01-22,2016-01-27,-1.4247479798715317,8.994095654966095,2.7164801735760675,4.062395510976519
2016-01-29,2016-02-03,-0.17470143191516682,7.689910437354319,-2.0651547452626393,-4.529673783516901
2016-02-05,2016-02-10,0.4362090135425189,-1.5135424065100802,-5.02618347808882,6.263038371794203
2016-02-12,2016-02-18,0.08928050710179064,0.29292128348949287,-3.9103722921832125,1.9311832868636414
2016-02-19,2016-02-24,-0.025954789080468117,-4.792684347067494,3.4011375408700273,4.194163108467786
2016-02-26,2016-03-02,0.3301925666093935,0.5220429489358384,-0.028930999767826527,3.802955430445824
2016-03-04,2016-03-09,0.21883227674152927,2.557684178964956,0.3979312851481275,2.3382123953933203
2016-03-11,2016-03-16,0.17299922971493584,5.646985084365999,4.428204379443831,2.6702485098003064
2016-03-18,2016-03-23,-1.37429597510892,-7.956031499655045,-0.36639664124805066,-0.7604599385219304
2016-03-25,2016-03-30,-0.8906399741564972,0.0,0.0812457729186825,-4.2901279272464485
2016-04-01,2016-04-06,-0.00818338222608375,8.918167372517695,-1.1727213290634437,5.163769718326653
2016-04-08,2016-04-13,-2.0269970115048137,-1.0021558461018878,-0.6013247223451746,-3.167134383765152
2016-04-15,2016-04-20,-0.46462908270746944,4.402624875649024,1.0710230434721948,0.09358915049050237
2016-04-22,2016-04-27,1.5632195619371723,6.311170409437521,1.6207100261027694,1.5120261766912935
2016-04-29,2016-05-04,0.42069320959908624,0.27453689171929696,1.2712997554158159,1.8336676754918642
2016-05-06,2016-05-11,1.2900629265737282,3.367025068117517,0.9262317160061814,0.0216379964059672
2016-05-13,2016-05-18,0.6832607162000146,-0.35266087789724454,0.08309098940873814,-0.9395621889743769
2016-05-20,2016-05-25,-0.8662395289824599,2.182503758869223,-0.20387366898483172,0.5281344796657453
2016-05-27,2016-06-02,-0.3130445224305198,0.14255169912209467,-0.9199696898423599,1.1532753013548138
2016-06-03,2016-06-08,-0.8629006442866949,1.6929538193551763,-1.395600046882044,-4.26699498811497
2016-06-10,2016-06-15,1.4009341595843545,-1.1824637310067025,-3.7852701061586376,0.16680571006970132
2016-06-17,2016-06-22,-1.1701785882607176,0.42809157213146204,0.36548264033766636,-5.133612002298235
2016-06-24,2016-06-29,-0.5353545762196067,3.927688323630738,-3.2208246735445756,-1.679011830788077
2016-07-01,2016-07-07,0.11628358773616329,-4.644965008583662,0.3311626826048814,-1.089504940506706
2016-07-08,2016-07-13,0.17836838318313752,-4.254104207487284,1.7015105005982973,2.3349078349810237
2016-07-15,2016-07-20,0.6132032558634443,0.7142887512380204,-2.2493076050014977,-3.50833762739335
2016-07-22,2016-07-27,1.3274995291565395,-0.6186077305014781,-1.8548044685759189,-0.86290084801258
2016-07-29,2016-08-03,-0.007146176091222468,3.238140950303978,2.708095860267083,2.493170404399117
2016-08-05,2016-08-10,1.8675505002183526,-2.4371252357395115,4.129134543572429,6.311535322574062
2016-08-12,2016-08-17,-0.45748760355641166,0.5140298317693393,2.9262165744575457,3.5054486449079687
2016-08-19,2016-08-24,0.15017147212719406,-2.664550688886869,1.4583144995724515,2.8746789443920227
2016-08-26,2016-08-31,-0.7159517622304893,-3.604785906373982,-3.4380164633613743,-0.6511755355056019
2016-09-02,2016-09-08,0.12740855669088721,4.6410046975849895,-3.7433522551599068,-2.875291248729317
2016-09-09,2016-09-14,-0.6039060779862943,-2.9144726326163632,0.5258958044709041,-1.3385844919953929
2016-09-16,2016-09-21,1.0901626405795943,3.319434613456576,1.6843885049845024,-2.1630902470591593
2016-09-23,2016-09-28,-0.22817919201012596,5.278154809054289,1.37147418166644,1.37147418166644
2016-09-30,2016-10-05,0.757888945939927,2.1947639759238786,1.3774047492117043,0.020098482632214375
2016-10-07,2016-10-13,-1.0056421723356905,0.656000762202356,-0.23804811875996318,-0.9956274996057348
2016-10-14,2016-10-19,-1.861736653026571,2.532277815086511,-2.5123990753331396,-1.9178670030571943
2016-10-21,2016-10-26,-1.4458281057457811,-1.4256860624864978,1.9500922662725035,-0.06155740422146682
2016-10-28,2016-11-02,-0.27794126900303523,-2.9138830433478304,-1.4670189747793856,-2.7969157305909915
2016-11-04,2016-11-09,0.2192498612346058,0.5323881252750017,-1.2914897833799193,-4.086808702792617
2016-11-11,2016-11-16,-0.651863409360289,-0.6563138850776971,-0.4179044903109006,0.2849316996198651
2016-11-18,2016-11-23,-1.0072621136238538,-2.848594338589774,0.0,-2.294969741832217
2016-11-25,2016-11-30,1.4431969796319342,8.706657528953615,3.3240198306679867,4.530494865672498
2016-12-02,2016-12-07,3.389069577810335,-2.182626326088651,1.9664949913405922,3.275746716964642
2016-12-09,2016-12-14,0.4705839703267885,-3.80815245698356,-0.21587683783580933,1.7874965921392527
2016-12-16,2016-12-21,-0.5655735364075998,-1.5049483341618866,1.0442949283980327,1.1019927855617098
2016-12-23,2016-12-29,-0.622216162035227,-0.3895747437061065,-0.09298001599665276,-2.713052612603955
2016-12-30,2017-01-05,0.5264588284329987,0.9530110435800543,0.3897916768271674,-3.4433973276350267
2017-01-06,2017-01-11,-0.9491916414916192,2.660092776330385,1.55896693443929,0.3252035386377316
2017-01-13,2017-01-19,-1.6130645113869129,0.5267790934859026,1.8126219379978146,2.6499246413438384
2017-01-20,2017-01-25,-0.7118444240880571,-0.45924305742101507,2.087758502155518,1.97499773095181
2017-01-27,2017-02-01,-1.883987109425125,2.1566705558775485,-0.6514681021193753,-0.16711544136231224
2017-02-03,2017-02-08,0.7068466474795075,0.3443002636074437,1.1769308213274468,2.768277704507608
2017-02-10,2017-02-15,-0.5039211225779904,-0.18811141739701398,0.5632759917371033,0.5632759917371033
2017-02-17,2017-02-23,-1.7028524743631253,1.6098044001810479,-0.9034817611061188,-0.810914874925877
2017-02-24,2017-03-01,-0.2763092522634779,-0.3338901265514599,-2.2358845933072096,-0.9146120686248911
2017-03-03,2017-03-08,0.5369669029539247,-5.561866458176707,-2.1912014849457,-3.6375076877011665
2017-03-10,2017-03-15,1.3944055436404772,2.301838394617549,-0.08278146168100439,0.0
2017-03-17,2017-03-22,1.1857309771872284,0.5725813543860919,-0.6151254945725856,0.02114388421029302
2017-03-24,2017-03-29,-0.4944179030795966,2.2693399493025215,1.663865186607624,2.1398676720430867
2017-03-31,2017-04-05,0.8300111369797298,0.2937434795976184,1.0697369344907237,2.147292098187983
2017-04-07,2017-04-12,0.06635550266626188,-0.48826388081997507,0.1316903586047734,-0.9457229556031689
2017-04-14,2017-04-19,-0.9950917425437313,-3.8275677567903204,-0.45657647553782627,-1.6978336534417906
2017-04-21,2017-04-26,-1.4179346782178193,0.0,-0.529640675883915,0.18268552731249493
2017-04-28,2017-05-03,-0.4395529253822823,0.2933782489855774,-4.8005788884099605,-3.3187474589932786
2017-05-05,2017-05-10,-0.4778629421091066,3.093030069135856,1.1147449540169225,1.1565684594362686
2017-05-12,2017-05-17,-0.04747783791269901,0.8190053970044403,0.6504087969176483,2.576632076422918
2017-05-19,2017-05-24,-0.8034795691583144,-0.2546275002214949,-4.8623478709410985,-2.8042008460020003
2017-05-26,2017-06-01,-0.24924956825633424,0.062105374110895104,-1.3333530869465144,-1.9223324925528713
2017-06-02,2017-06-07,-0.8538429925923382,-4.962159219487888,-0.26235257723844807,0.04365859052102232
2017-06-09,2017-06-14,-0.737999025960516,-3.553005303387572,-0.7170095696603662,-0.13404827744520645
2017-06-16,2017-06-21,-0.7116839938450458,-2.0042619174529754,0.11763323318589802,0.8905613111747713
2017-06-23,2017-06-28,0.10145641770662536,1.1012584608045,0.31243051524572807,2.820812854523632
2017-06-30,2017-07-06,-1.0178820756833311,0.9047838397770893,-2.8296418364137077,-2.4912320379896458
2017-07-07,2017-07-12,-1.1424897525331261,0.9277733878236892,1.2672225510203863,2.2824596974221985
2017-07-14,2017-07-19,0.2192384176032424,1.4973541790162581,-0.7886644310037373,-2.842568649795142
2017-07-21,2017-07-26,-1.2087790347874574,1.6814096172155952,0.9628262437345522,2.3195343068483862
2017-07-28,2017-08-02,0.9095513962802124,0.8300482923633368,-1.1558478067739901,-0.06050216983992817
2017-08-04,2017-08-09,0.8802491434495047,1.0541350399230436,-2.1401000202587257,-1.5853990601986425
2017-08-11,2017-08-16,0.7146228486954892,-1.6319107520589085,0.5752652489449841,3.7534545494210656
2017-08-18,2017-08-23,-0.6663031441858297,1.6649708236564154,-2.5291347007613734,-1.664970823656424
2017-08-25,2017-08-30,0.8442346044130037,-1.082027436170817,2.7892818778206787,2.91615861296311
2017-09-01,2017-09-07,1.1731341344127497,-0.0610811380082007,-3.439328011100498,-2.1408804492152047
2017-09-08,2017-09-13,1.460648154213642,2.2357612631113524,1.1294997046767346,1.209692170882853
2017-09-15,2017-09-20,1.0767126061469108,1.5025826122659884,0.5749991057945668,0.0795070604395191
2017-09-22,2017-09-27,1.2283512964577237,1.0604553248797066,-1.0023214214887874,-0.9055066206262409
2017-09-29,2017-10-04,1.297605750324758,-0.8761505668572719,1.5676479385007616,-1.3287894326935297
2017-10-06,2017-10-12,1.5515852298073782,-1.3541566950737232,1.6072474560838153,2.4398594884531617
2017-10-13,2017-10-18,0.0962614094516063,0.3464206697668972,-1.4708993659800806,-0.8101896169420068
2017-10-20,2017-10-25,-0.18669449561268334,-0.6712078128592793,0.8430783793724382,3.6834837583701248
2017-10-27,2017-11-01,-0.18934883640148176,-0.07361060325022047,0.42252290286391225,2.3830140836761293
2017-11-03,2017-11-08,0.6281205800045111,-0.6490681501182851,0.596597663562477,-0.12327200645297856
2017-11-10,2017-11-15,-2.422458827443689,-0.703022273600194,-0.2535773863763741,1.668349755456906
2017-11-17,2017-11-22,-2.3815335406517124,1.8131598534383109,1.8148075546265434,0.3793762094582312
2017-11-24,2017-11-29,-3.4933091181394,-1.232547501813264,0.2616660891171689,1.9031716298215917
2017-12-01,2017-12-06,-2.7161535753845314,-3.2969050352819105,1.2645996294958266,2.4084748383382695
2017-12-08,2017-12-13,-3.311904239112301,-0.9322026876896335,0.7218976680117548,1.2293797266053843
2017-12-15,2017-12-20,0.1454004404950431,1.0382512369241566,0.4294432435134141,0.2750560441368776
2017-12-22,2017-12-28,-1.9939595440558922,0.2844952132231345,1.0307655685090094,0.8817959142112924
2017-12-29,2018-01-04,-2.4896876297288464,0.5987557333122763,-0.7937192394223764,-0.404171595379767
2018-01-05,2018-01-10,-2.1640961086697343,1.0749392155999333,0.32964475341790256,0.9701218315291465
2018-01-12,2018-01-18,-3.572093400274494,0.06255865077341677,-0.9109533702978755,-0.4701466111806735
2018-01-19,2018-01-24,-2.6482513926897564,1.9056977519185199,-0.10661793714258457,0.8790599195753893
2018-01-26,2018-01-31,-1.9376352665721892,0.2780783500561245,1.6827687887815053,1.04359449278051
2018-02-02,2018-02-07,-0.8541691737882467,-2.504317812706759,-0.9901874588975009,-4.4760175641180675
2018-02-09,2018-02-14,-2.181204890003858,2.2828617794900694,1.2768220604942406,1.9414917685817612
2018-02-16,2018-02-22,-2.093479637667083,1.59103396363479,1.267444089672786,1.722954183810315
2018-02-23,2018-02-28,-1.2983072376563878,-2.4283576460424716,-0.7352373615727413,-0.3914537701386929
2018-03-02,2018-03-07,-0.38885493366917306,-2.345816536801957,-1.583930161019826,1.510872701062729
2018-03-09,2018-03-14,-0.06330316487004796,0.32900177727190133,0.4424423440378769,2.273194164557148
2018-03-16,2018-03-21,0.39909583637110735,2.6933985879097837,-1.3142825439194303,1.069528911674795
2018-03-23,2018-03-28,1.220655113446153,-1.4053200161537132,0.8825635981390548,-1.9631568832645194
2018-03-30,2018-04-04,2.2133091559111517,-0.09466709447921304,0.28373285112938396,-2.1056767782121883
2018-04-06,2018-04-11,0.6630712726841937,2.0108017434451684,0.38840801742596665,0.8050132918986876
2018-04-13,2018-04-18,-0.8718611760183749,2.875550136218417,-0.20476824472483515,-0.2633505545431685
2018-04-20,2018-04-25,0.250500725180954,0.5012541823544414,0.2643561533650373,0.1616340077120383
2018-04-27,2018-05-02,0.7215841833752008,0.932028346100735,0.792025260875798,2.61604803726072
2018-05-04,2018-05-09,1.1266136753416038,3.3291166387361626,0.2806625474119494,-0.6626742614771652
2018-05-11,2018-05-16,0.11017999710969442,0.12607692361356185,0.05598320650062915,-0.2803871176618731
2018-05-18,2018-05-23,-0.5974313657473982,-0.3334725891453385,-1.5145430437340572,-5.625007052194195
2018-05-25,2018-05-31,0.0417198970129459,-1.863683581736501,-1.7622264898030844,-3.3705938556624155
2018-06-01,2018-06-06,-0.02554277720952987,-1.1669102164137972,1.8514797111750958,1.563010673361239
2018-06-08,2018-06-13,-0.1705686623683484,0.3759120282617322,0.41935062202797274,-2.461382235806828
2018-06-15,2018-06-20,-0.5407248056079634,1.2670958016920393,-0.36474204570434204,4.595443206864103
2018-06-22,2018-06-27,-1.6378349005859594,2.8565883644491787,-5.251106859673564,-4.329566254799362
2018-06-29,2018-07-05,-1.1749209671720484,-1.548523200472608,0.9943553971821052,1.1974561372300356
2018-07-06,2018-07-11,-0.8802471713900148,-5.0363388624336425,-0.26998240200346885,0.7915235670787604
2018-07-13,2018-07-18,-0.4792285445236331,1.0964220647150726,0.9262005429520012,2.200103120694978
2018-07-20,2018-07-25,-0.33505040435536315,0.5074006657730404,0.6446210662669977,-3.534240071587775
2018-07-27,2018-08-01,-0.3556457381872433,-1.5575740326557797,0.21778593000130111,-0.45159957294841224
2018-08-03,2018-08-08,-0.2837050892209707,-3.306936649387007,-0.16451061812372733,1.025802498396316
2018-08-10,2018-08-15,1.3286970391593411,-2.982584266693509,0.5670078787598967,1.312995961831568
2018-08-17,2018-08-22,0.42889812724048604,0.7842016958272982,1.86894036762955,2.7044393217429112
2018-08-24,2018-08-29,0.10198643260528244,1.6495816097784592,0.8146975669607646,0.22935789870993645
2018-08-31,2018-09-06,0.7148329988621912,-1.2893951530039445,-0.11804634689384733,-0.3841612289542914
2018-09-07,2018-09-12,-0.6489523606291301,1.5466440339167589,-2.5474501246618106,-1.9950428469762662
2018-09-14,2018-09-19,-0.6235913649891864,1.7169630722091263,-0.4370821198757211,-0.39470025867765246
2018-09-21,2018-09-26,0.34889177062119,-1.620691977115828,-0.05540166346690781,1.2931807673353148
2018-09-28,2018-10-03,1.0321141539167449,1.6363521627210282,-2.598926439842496,-2.841024742354084
2018-10-05,2018-10-11,1.9182113725025025,-3.0664907054169297,0.6180663024126948,1.2184171457052588
2018-10-12,2018-10-17,1.1486487335542732,-3.2497914924809663,-1.4465752033912027,-0.6772848139365597
2018-10-19,2018-10-24,1.0168833918061424,0.10522360985896562,1.031322196899525,1.5208284773190668
2018-10-26,2018-10-31,0.9981507360973765,-1.3233138578900374,-2.543166988563186,-3.4107487376946994
2018-11-02,2018-11-07,1.5753213191633595,-0.7589862837844722,-1.6013414079204553,-2.461561766186782
2018-11-09,2018-11-15,0.14330176756323906,0.5150530878115473,0.07083407414997901,1.249906246599549
2018-11-16,2018-11-21,-0.3691284666255592,1.8924497985739055,-5.574315364423576,-5.866229554396039
2018-11-23,2018-11-28,0.3706112922456105,-2.4663378950245307,2.7582520849969905,1.4280290272904135
2018-11-30,2018-12-05,1.1148984883424293,-1.0770061591216202,-2.111808179284278,0.2277040832051929
2018-12-07,2018-12-12,0.811741881963473,-1.1880556529113053,3.181604518465999,0.43010818993904804
2018-12-14,2018-12-19,0.2845024916596038,3.9120634758455313,-4.958280516543859,-5.529585080761775
2018-12-21,2018-12-27,0.3999361706745863,-3.447093391135505,1.4950629920667589,4.031827055033371
2018-12-28,2019-01-03,0.31554178145530315,1.3086103292614064,1.7744445299071911,2.836622588712684
2019-01-04,2019-01-09,0.2993448837393706,5.130337904827735,0.43972922399385617,-1.4474825725957945
2019-01-11,2019-01-16,-0.05204325449131796,0.5390848634876373,-0.4811865698698632,2.8768070176442633
2019-01-18,2019-01-24,-0.053056409785820706,0.9489537903456031,1.1083047606334773,-2.196211636315511
2019-01-25,2019-01-30,-0.0458600224552968,2.070003981714548,-0.6295151320476593,2.0280223692892556
2019-02-01,2019-02-06,0.7473763574607806,0.46455532771056945,-2.3636440836503523,-2.230854535540798
2019-02-08,2019-02-13,0.09776471149121436,1.308674500480494,1.0347468525424544,3.1806738977885183
2019-02-15,2019-02-21,2.709147337034373,0.08783487609059586,0.10530011502992312,-2.9039183096633727
2019-02-22,2019-02-27,0.8925394364004549,2.706717946841366,0.5081935058785662,-2.0590006769383296
2019-03-01,2019-03-06,0.7888688967908292,-0.5852637083743635,0.6736419730751398,-0.8036475076923403
2019-03-08,2019-03-13,-1.0482565807515758,2.396780239242691,0.5476652401714517,0.4110298645161808
2019-03-15,2019-03-20,-0.7522101511419038,1.677328824482743,-0.2331391563910773,-2.10109418446038
2019-03-22,2019-03-27,0.11509656190106746,-0.8049682909491764,-0.16852043084925347,1.3380363531910626
2019-03-29,2019-04-03,-0.8336822717123368,-0.11200897242740107,-0.5458353574446206,1.0194417692235014
2019-04-05,2019-04-10,-0.9812634912290774,0.8859932053609086,-1.5753269705639368,-1.1830773109716273
2019-04-12,2019-04-17,-0.8681382460798777,-0.42270121647217174,0.4383225552526512,2.9677603084256283
2019-04-19,2019-04-24,0.19417103514593875,-0.4236012385606118,-1.1129011883393372,-4.1321158904184125
2019-04-26,2019-05-01,0.3593322938850194,-0.43963016325028836,-2.8733022127376473,-2.501524527586083
2019-05-03,2019-05-08,0.4352618814632884,1.165627573429463,-0.8891821579248248,-0.775573446524922
2019-05-10,2019-05-15,1.4392216219940615,0.3391202281055967,1.4404858553816007,1.1859113344414198
2019-05-17,2019-05-22,1.3278284309660227,-2.5716621316452275,-6.334526829760828,-5.041962517849501
2019-05-24,2019-05-30,0.5543533899893203,-4.111237204849152,-5.421480314158651,-5.871171909521087
2019-05-31,2019-06-05,1.999682878550253,-3.6741545839093273,1.9585879538385274,4.511758364127623
2019-06-07,2019-06-12,1.789979522958466,-4.1564922079890865,2.4153429987657904,2.5870168606712394
2019-06-14,2019-06-19,0.9162002415032918,-0.22304841961076216,5.67861823076403,6.501524038803461
2019-06-21,2019-06-26,-0.46630650349720815,2.63713912400277,0.016899028346076084,-1.6529301951210582
2019-06-28,2019-07-03,1.1307246900535817,1.8751655050204683,0.5069497790025653,0.8898252902364241
2019-07-05,2019-07-10,0.273674858375427,4.599877507057652,-0.582315928820087,-0.48224920932929555
2019-07-12,2019-07-17,-0.8227877605351848,-1.6500286587573458,-2.545396429194119,-1.930009871756283
2019-07-19,2019-07-24,0.02926036475663892,-1.2091185712367616,-0.03578457722923211,0.2501341307752728
2019-07-26,2019-07-31,-0.5669317586610046,0.84070152871425,-8.724438488965175,-5.009804110771307
2019-08-02,2019-08-07,-1.1538246289325653,-4.698209821371576,2.8149149880623607,6.198099063479337
2019-08-09,2019-08-14,-2.057609362224403,-3.369002338298362,-1.185388184891148,-0.6000563509143926
2019-08-16,2019-08-21,-2.1165599631917025,-0.947874395454377,-0.5766820811535422,-2.8617645986845215
2019-08-23,2019-08-28,-1.4380868420885744,1.3905415932545118,1.6188203729259463,-1.2451663177878278
2019-08-30,2019-09-05,-0.17798055080782707,0.19546874282368162,0.21280376890484431,2.714464885666059
2019-09-06,2019-09-11,-0.2357376125204999,-3.0259762516035007,-0.9567723496152427,-1.6301755677496508
2019-09-13,2019-09-18,-0.13136850803135242,-1.8221023476840588,0.0,-0.4650770591117595
2019-09-20,2019-09-25,1.4561776492068952,-1.478900193599761,-0.24862381835569822,-0.7656050928032212
2019-09-27,2019-10-02,-0.5568169435864025,-1.750303458145835,-0.49486206812231526,0.3222446158826601
2019-10-04,2019-10-09,0.5265280433765684,-0.018998765137411944,1.770291052718128,3.9673701054560526
2019-10-11,2019-10-17,0.5783091476596115,0.8759724263590393,-0.260126493763321,-1.1383905713271631
2019-10-18,2019-10-23,0.945100972697835,3.0698986888806687,0.3749669601827074,1.103017765527331
2019-10-25,2019-10-30,0.7997956704789888,-0.8893787637540606,-1.524783835676975,2.1463534747566935
2019-11-01,2019-11-06,0.8475690775729998,-1.5726094921588372,1.344439143058023,1.5375402300073866
2019-11-08,2019-11-14,-1.4335073865136816,-0.5464976139921159,1.7001548768337398,0.4409567070977483
2019-11-15,2019-11-20,-1.5942914885720665,3.1890914671407664,2.868016162864833,1.6959930950757054
2019-11-22,2019-11-27,-0.5778737945936464,-0.2234253743727886,0.0,-3.7694005798813954
2019-11-29,2019-12-04,-0.5450317867416816,4.031607849864774,-0.06844627235049212,1.2578782206860186
2019-12-06,2019-12-11,-2.3760857732164076,-0.8138396902971164,0.7462721201589594,2.3055291280596686
2019-12-13,2019-12-18,-0.8750388600766604,0.08209507069725004,0.6054178681762713,-0.8239993886935885
2019-12-20,2019-12-26,-1.946454766061196,0.8951154240486446,0.0647878221560671,-0.0972605036955836
2019-12-27,2020-01-02,-1.269293224706824,0.049055679178502336,2.9477853137059093,3.375440990431939
2020-01-03,2020-01-08,-0.3857920358166079,-4.986729909494994,-0.15099407281168542,-1.061777902913167
2020-01-10,2020-01-15,0.8031980110980911,-0.8261664891586395,1.134227660393451,1.1854790495737257
2020-01-17,2020-01-23,-0.4510031462148497,-2.2268667589771995,-2.5913858818734172,-4.457459810648974
2020-01-24,2020-01-29,0.6228889772584332,-0.07503283038199852,-2.0857790653369066,-3.2614695855492206
2020-01-31,2020-02-05,0.058803058788450435,2.5484158333631086,0.13751107166373816,-1.0473369127503747
2020-02-07,2020-02-12,1.715196643509205,2.2348403663761767,0.5461296975505263,1.7449066210304287
2020-02-14,2020-02-20,-0.54054626785375,0.8591759986917004,-0.7654289214218475,-4.5856031439881
2020-02-21,2020-02-26,0.002236752848501322,-2.255047309408302,-3.1304726549192683,-8.218526567801488
2020-02-28,2020-03-04,-1.7077925280737214,-1.0420083649112055,-1.8990644089533506,-12.847487693122186
2020-03-06,2020-03-11,-0.1600425365852003,-3.965016421696938,-4.854872033413113,-4.349181954515741
2020-03-13,2020-03-18,-0.09158658637308344,-27.49054858727992,20.302056020702388,-5.0060501956918
2020-03-20,2020-03-25,0.07452120769809703,-1.3403743037901155,-22.31435513142097,-29.299737851512614
2020-03-27,2020-04-01,1.3337950723911114,-1.1277393361306822,21.64148498932187,33.53445229409442
2020-04-03,2020-04-08,4.6049061327345555,5.897400245955125,-8.65381937314879,-11.040145600478338
2020-04-10,2020-04-15,4.242269243225882,-0.9474017509373915,-0.7038741981476048,-8.628291219689869
2020-04-17,2020-04-22,2.8655717903410083,42.58324109325982,9.90355699564314,15.895687443054687
2020-04-24,2020-04-29,2.4073683384991056,19.30168459107026,24.575824107899464,27.092003065279563
2020-05-01,2020-05-06,0.9082108318528668,-2.8077814754540387,-0.8410478508596404,3.4975793008923604
2020-05-08,2020-05-13,-2.104161843104376,-1.525552762496234,7.697563978283398,14.878692024948492
2020-05-15,2020-05-20,-3.371401850548867,3.8267651370394664,2.181047257288862,-0.20879947928921797
2020-05-22,2020-05-28,-1.8123672357938871,2.6178717782885146,5.489535278738067,5.264373348542209
2020-05-29,2020-06-03,-0.7125695483932867,1.2127894238099182,0.2408027919451247,5.6250182372065725
2020-06-05,2020-06-10,-1.429891571761725,1.4264123663056203,-8.192020672199837,-8.714933656769217
2020-06-12,2020-06-17,-1.2530111977197724,-0.9190034483863407,2.2947551923632385,4.663990964872853
2020-06-19,2020-06-24,0.32382973153645495,-6.361485543886097,1.959054425194132,1.6222229109822819
2020-06-26,2020-07-01,0.17770522597423677,1.5414076503719254,1.715393212471812,1.5673912120961555
2020-07-03,2020-07-08,1.8880868095548282,0.7852801090500696,-3.153582247951986,-0.859217265837935
2020-07-10,2020-07-15,0.7795359623584199,2.2086787402843506,-1.1227845556821008,-1.590247579405894
2020-07-17,2020-07-22,1.0074047745418913,0.28694424279529607,-2.1480251486089887,-1.5642239283527561
2020-07-24,2020-07-29,1.322221202736564,0.5852247865781891,-3.161537700610869,-2.5361447929809264
2020-07-31,2020-08-05,0.4352077984579373,1.3822908368820797,-0.7602792620511544,-2.613744283733405
2020-08-07,2020-08-12,0.9367483730620545,2.5438195632662635,-0.8013241087414124,-1.2994866856367808
2020-08-14,2020-08-19,-0.18521999713067794,0.046620047464404714,-0.6781272332962185,-1.3845111453389334
2020-08-21,2020-08-26,0.07569580443188147,0.09261403764556352,-0.7666433181295248,-0.5802499743232536
2020-08-28,2020-09-02,0.031205052367055435,0.0,-3.2563780396203383,-7.450381936187048
2020-09-04,2020-09-10,1.5053813190293102,-2.1249139482126274,0.21453481009238684,-0.05370569409430242
2020-09-11,2020-09-16,0.26783957569658273,4.793168288198765,2.0207686145055375,2.2644334524127623
2020-09-18,2020-09-23,-0.33838511851140834,0.9311757229600379,0.47482283386981566,0.3500878794409056
2020-09-25,2020-09-30,0.7782404286745082,2.5798092321844535,-3.9210725687550663,-8.19171224678867
2020-10-02,2020-10-07,-0.12775109066397256,-1.7426380744432424,3.0177902226463855,1.5450095516220446
2020-10-09,2020-10-15,1.4324803760116467,-0.04895960930111225,-0.343390084791554,-0.36796312828663175
2020-10-16,2020-10-21,0.4418226477034126,-3.668103537968244,1.4438886645961864,-0.3768375267130174
2020-10-23,2020-10-28,-0.6001208102269588,-5.405309946974598,-3.63378321357542,-4.472011088855851
2020-10-30,2020-11-04,0.0013317961351133494,4.005246774122654,-1.0576649608272934,-5.268534640207727
2020-11-06,2020-11-11,-0.4788378752273426,0.1213445119165282,-0.8036083670052593,-3.203822564367867
2020-11-13,2020-11-18,1.0697792271444682,0.9652584598008973,-0.1682490482222072,0.8370250949333718
2020-11-20,2020-11-25,-1.322962109305067,1.9271833571648953,-0.8371936979352627,-2.3081361988316624
2020-11-27,2020-12-02,-0.539267338738038,1.5372921660530103,0.9243023551225675,2.186835451038224
2020-12-04,2020-12-09,-0.3501934184597296,-0.3511856111539659,2.7755467721532328,2.411325694637019
2020-12-11,2020-12-16,-0.11478657946009178,0.5867577605415738,0.9979292795109864,2.43562091477286
2020-12-18,2020-12-23,0.10037170204469585,1.937718589431471,0.49937681804869744,-0.9220517965642716
2020-12-25,2020-12-30,0.17129700403244413,0.811743451996671,0.22776694803732225,-1.6090619855703359
2021-01-08,2021-01-13,-0.7860424151046438,-0.50996427451649,1.2420182241798423,-1.0660675873921408
2021-01-15,2021-01-21,-2.1681532731162663,-0.30143202929227014,-1.3678024796100565,-0.4159582476943756
2021-01-22,2021-01-27,-0.7249218778349412,0.3794350976126005,-1.0469306626375452,-1.2384649100444385
2021-01-29,2021-02-03,-0.6556819737785982,1.629880339978635,0.9297402928690437,2.0094923531689233
2021-02-05,2021-02-10,-0.8083381882683849,0.5981390130667734,-0.8040416252765942,1.370695798134102
2021-02-12,2021-02-18,-1.372976397922358,-1.1359081720906437,-2.141982830082297,2.080848406263216
2021-02-19,2021-02-24,1.7413980610817812,2.4827094026203222,0.3474419161598288,-2.6612663853744865
2021-02-26,2021-03-03,-0.06821863120851233,2.69370992393359,3.9640798242363267,7.459700957483034
2021-03-05,2021-03-10,0.3288032411215088,0.6694194843479392,2.4067997039850533,1.7533515920447644
2021-03-12,2021-03-17,-0.7300451203800858,-0.41740804207497356,-7.392923581912815,-4.9541802116815425
2021-03-19,2021-03-24,-1.2839573465278595,5.671579545636216,-4.4325342670685925,-0.3113480597862007
2021-03-26,2021-03-31,0.14173974740486214,-2.2716861296467625,3.682007963867423,-0.7801939168205606
2021-04-02,2021-04-07,-1.516942375171016,0.7220247973487097,-0.2680517604327656,-0.8063205116886525
2021-04-09,2021-04-14,-0.37702421990188206,4.784049648172473,0.42664203137012097,0.015834059094121156
2021-04-16,2021-04-21,-1.0192640683277188,-2.0492851071113494,0.17916773259383198,1.3601245944502314
2021-04-23,2021-04-28,-0.31094007542378693,1.2299114355236778,1.847735201538157,-0.4870011981609542
2021-04-30,2021-05-05,-0.3029426144906159,-0.13703846834359534,-1.3808135928212446,-1.026121263220888
2021-05-07,2021-05-12,-0.883668542554419,0.9903333776832249,-3.2981876841300584,-0.9750229589133754
2021-05-14,2021-05-19,-0.007335122742443152,-3.4328135770563644,-2.1241715384246986,0.5201367231314317
2021-05-21,2021-05-26,0.2123490673356355,0.2110341452486795,0.6902788513265063,-0.1506932171845983
2021-05-28,2021-06-03,1.1051641214632817,0.029069767646568986,1.0984356721161435,0.5796277639383474
2021-06-04,2021-06-09,0.5355556463518439,-0.29997879791116633,0.6274977806071759,1.5614227801550797
2021-06-11,2021-06-16,-1.1384834567053357,-0.04164064186756409,-1.3558108308390528,-0.5429121708760475
2021-06-18,2021-06-23,-0.4184512716040042,-0.054697116090888453,0.2731868930270773,1.4933755676817457
2021-06-25,2021-06-30,-0.07109533885583828,0.5182065326196412,2.432098379017182,2.4851839807946994
2021-07-02,2021-07-08,0.008267269049288263,1.0468415158990072,2.1418739369034228,1.671348097374053
2021-07-09,2021-07-14,-0.6613033084320403,-2.9401983065693127,-1.9208771361308614,-1.7953803616595705
2021-07-16,2021-07-21,-0.6658960411182692,4.274527751507595,2.6544638382198835,2.779126227104887
2021-07-23,2021-07-28,-0.6585366299757549,0.9580080211361324,1.7124879072838766,2.132685069097242
2021-07-30,2021-08-04,0.0010633985257279758,-3.529862976314313,1.3256804241062685,0.10260169459994882
2021-08-06,2021-08-11,-0.21284108607921332,1.4095997403170522,-0.2600781700057256,-1.3657047948467398
2021-08-13,2021-08-18,-0.6276558696138779,-1.7291497110060994,-2.5882886168473043,-4.875191520693044
2021-08-20,2021-08-25,0.3316335901446085,1.5289918567978762,-1.6475806640548187,0.43674548968758753
2021-08-27,2021-09-01,0.7977585308425165,0.2918431956136688,2.0764985461899244,1.0292183336334113
2021-09-03,2021-09-09,1.0412154297541563,-1.5986388993725318,2.2596558198328722,3.285598132934491
2021-09-10,2021-09-15,-0.6011518443492824,2.878902007666152,0.13766521997947517,-0.6911832880262064
2021-09-17,2021-09-22,-0.7844497039369857,2.60373051470872,1.4540722585482755,2.4702723183408533
2021-09-24,2021-09-29,-0.3088602581981741,-0.5049844618327228,0.2129359335315448,1.2577116871074248
2021-10-01,2021-10-06,0.2791621539839258,-1.9257114879821167,1.0248616477885293,2.4045430480274534
2021-10-08,2021-10-14,-1.609005927836464,0.9376996530156994,1.1720314848458537,1.4508026489578416
2021-10-15,2021-10-20,-1.9023708393136594,1.4440253306115214,-2.107357679052843,0.15390993389247876
2021-10-22,2021-10-27,-2.556474581400039,-3.541665463789581,0.14506772370001755,1.0110822773223525
2021-10-29,2021-11-03,-0.9037990580902161,-3.7520336231650457,-2.4296749355947593,0.53063615595194
2021-11-05,2021-11-10,-0.6941053559004251,-3.49597137716366,0.2950217259687771,-0.44417099551317085
2021-11-12,2021-11-17,0.28657757346842616,-3.0678795222381923,0.7631682932159843,-2.862333594295466
2021-11-19,2021-11-24,0.8184080097758976,0.0,-11.402351295639908,-16.90292906686081
2021-11-26,2021-12-01,0.8039179629492673,-1.0640015259155196,1.7570885251851713,1.441275043657636
2021-12-03,2021-12-08,1.1387340100960666,0.6788139939756824,-2.1773365385070043,-0.999037031275136
2021-12-10,2021-12-15,1.4216167369078534,0.4524254854187371,2.0247846657025756,0.05640953470693621
2021-12-17,2021-12-22,0.6723295107677393,2.3903305938092148,1.4586858053269043,3.6009554404246025
2021-12-24,2021-12-29,0.9650280415695062,0.7471035471199367,0.3259242830395108,-1.6457484211545088
2021-12-31,2022-01-05,1.7432936557689889,1.072153911761295,2.085263098079116,1.492089149572463
2022-01-07,2022-01-12,-0.7954743546653779,1.6373777343167455,-0.6566171451312662,1.5752144380673465
2022-01-14,2022-01-20,0.4634395540786868,-0.6353628489874904,-1.318187649493751,-2.119889656226482
2022-01-21,2022-01-26,-0.2594640933720049,1.9664518414087455,-0.818465407876841,-0.7500035156546552
2022-01-28,2022-02-02,-0.1726005734606624,-0.06803492721893124,2.254343210721108,4.556571618586011
2022-02-04,2022-02-09,-1.8853675230144258,0.279501551514679,0.2898552754011479,3.865374179591752
2022-02-11,2022-02-16,-0.3198184476999174,1.8935477002203902,-2.209022533527082,-2.777205880270169
2022-02-18,2022-02-24,-1.3995729867721103,0.6814152157409257,-1.181905869875061,3.557813041254463
2022-02-25,2022-03-02,-0.822241262499451,6.60687986332607,-2.7928382054031586,4.442035282281601
2022-03-04,2022-03-09,-0.3002706315959976,-12.777087530099484,-2.682474335451587,0.45846403428233073
2022-03-11,2022-03-16,0.8115660794237586,-1.6416952596453074,8.21409872876362,9.870690595024039
2022-03-18,2022-03-23,0.6547221290739573,3.4174713799099163,-0.6023851643363528,1.1337695552537512
2022-03-25,2022-03-30,-1.0125722304844296,3.3578557872115744,-6.9914228133697796,-8.202345791106078
2022-04-01,2022-04-06,0.023427379795641877,-5.637425383113294,-0.35335725813111274,2.0130083039191127
2022-04-08,2022-04-13,-0.5495157068979732,3.6531066664568597,2.4444608901800144,3.746320452257254
2022-04-15,2022-04-20,-0.21767630167631316,0.01950268168053265,1.2884653910080364,0.29208471744102793
2022-04-22,2022-04-27,0.14643477965908802,-0.6452266005904204,3.3845972780608267,2.5467365258262156
2022-04-29,2022-05-04,0.35095100187164713,5.049320848199708,0.3055416478201267,1.7283018905405612
2022-05-06,2022-05-11,-0.7305781797063376,5.614415279814477,0.6142235233144034,4.64855471390945
2022-05-13,2022-05-18,-1.2368528265277574,-2.378704820282726,2.289625890465735,2.6632253287487533
2022-05-20,2022-05-25,0.21647824341110355,0.2927740191817291,2.89014746502119,1.8258934226210943
2022-05-27,2022-06-02,0.5972755572388636,1.3957321433923693,1.7723593045990693,1.3005410900421317
2022-06-03,2022-06-08,-0.6626601390126421,1.979442657533638,-0.345026219215267,-0.9972473135374005
2022-06-10,2022-06-15,0.005269349056583913,-3.0740125359695556,1.9237968780515278,-5.123852837532399
2022-06-17,2022-06-23,0.3798433535644673,-0.4434597067865753,3.091206001426415,5.240851154516292
2022-06-24,2022-06-29,0.37763998895179673,-1.7842557582808518,-3.5462446184058383,-1.2165052026710226
2022-07-01,2022-07-07,0.4602433430731917,4.206934704707123,2.0435905129575027,1.3953052528715069
2022-07-08,2022-07-13,0.605514280360501,0.7648025858004024,-0.6624903198671231,1.1614532420693082
2022-07-15,2022-07-20,0.9559317011098566,-1.586204126696413,-5.926126247971976,-6.670458004632304
2022-07-22,2022-07-27,0.7897956197479717,2.315924915508065,-0.9239796578472219,1.2714982068496667
2022-07-29,2022-08-03,0.7746277590420899,-4.08691783936738,-2.1242805946935444,-1.5998611693003164
2022-08-05,2022-08-10,0.5638067414274905,1.5969678257132538,2.441435817128712,0.18993358036523159
2022-08-12,2022-08-17,0.0940452695871711,1.7992488930119959,2.5537926849365395,2.9286257877918427
2022-08-19,2022-08-24,0.5581198858297417,-0.9792764996533851,-2.319405006663654,-1.9984804693494185
2022-08-26,2022-08-31,-0.22163075757080244,-2.184859375027854,-3.3867103958700366,-3.1573261916090236
2022-09-02,2022-09-08,-0.6465788242963603,1.849458263616453,3.7713885198420125,4.808730395299185
2022-09-09,2022-09-14,-0.045051445902350655,1.1770167570154029,-3.6200974725998236,-3.795239090141113
2022-09-16,2022-09-21,0.5118016566738405,-1.5589058480856866,0.7646393288585217,-5.307493636981523
2022-09-23,2022-09-28,-0.06583127879241288,4.582277604147026,-1.0098023637917601,-3.322973718804255
2022-09-30,2022-10-05,-0.574453890390615,1.5420946404964397,0.7678447843065347,5.351820352082537
2022-10-07,2022-10-13,-0.5385286487069728,1.9840578680461147,-3.973429517580197,-4.0896410355979285
2022-10-14,2022-10-19,-0.10665403660010404,3.201880230625862,0.023253110208246185,-0.6181859075581145
2022-10-21,2022-10-26,0.41727772088596105,2.7905622008788096,-0.369851920620485,-1.737800446665513
2022-10-28,2022-11-02,0.4763077635012602,1.9056736321509247,-2.1549655459584662,2.7597020729698736
2022-11-04,2022-11-09,-1.194986358968645,-3.448420041325041,0.8473151499984026,3.830571793353582
2022-11-11,2022-11-16,-0.7222740753386657,-1.449384755502914,-4.698730536302224,-6.701764863225767
2022-11-18,2022-11-23,-0.2533492683309608,-3.653719589028337,-1.9174055480398289,-1.0707707286185917
2022-11-25,2022-11-30,0.03766068806315671,3.181283171206913,0.7180914848733492,-0.7733604716353868
2022-12-02,2022-12-07,-0.3066624938345836,-3.1205488102777177,-0.8797096459014753,-1.2309569336155335
2022-12-09,2022-12-14,0.9278008911719968,2.2284314454879706,-1.6337029364260254,-3.899258257864719
2022-12-16,2022-12-21,0.12217671073255587,2.9205787930566576,-0.6288118249169556,1.7751195157204296
2022-12-23,2022-12-29,0.140665943129074,-0.58479698824231,2.1818130111979506,-2.009082386353455
2022-12-30,2023-01-05,0.2250123820579944,1.0790243323327258,0.21712588255962084,1.4565328298360645
2023-01-06,2023-01-11,2.411869895194058,3.080796838868568,1.1041324135648845,3.101417868562298
2023-01-13,2023-01-19,3.5142477232567,0.9759837231327074,1.1882798564742554,1.6180183777288744
2023-01-20,2023-01-25,3.5692323000123514,-0.10022551578146885,1.072195784579792,-0.06269199628564585
2023-01-27,2023-02-01,1.8692938181906469,-3.361769338456743,-0.6175697967100173,-3.9273111696613703
2023-02-03,2023-02-08,0.8051551902417449,1.6705605669870234,-0.5494870384471273,1.605495581382713
2023-02-10,2023-02-15,1.3197482687118114,-0.647005111468599,-0.15284680086884672,-2.9185955886188246
2023-02-17,2023-02-23,0.2509426404043769,1.7559596008482405,1.228143531962699,0.4110593867337068
2023-02-24,2023-03-01,0.08353284328769726,0.8934989840743236,0.6168892458660851,2.608456306939118
2023-03-03,2023-03-08,-0.3181311295568813,-1.1557819718178803,-1.2618463959211574,-0.01306250410061692
2023-03-10,2023-03-15,-1.3147938344452437,-5.4863642103639965,1.1362920164135026,-1.149352155331864
2023-03-17,2023-03-22,-0.6620485747505125,1.8700138103390347,-1.3382887665004233,-2.1297167408951183
2023-03-24,2023-03-29,-1.313994228303656,-0.23276521770999367,1.8605819536788253,3.6739649774828265
2023-03-31,2023-04-05,-1.5564331871749566,-0.012392341548803275,0.012392341548787943,-1.1216468540225515
2023-04-07,2023-04-12,-1.089952272715232,2.0874544375722093,-1.3299676146526642,-0.8200721308885288
2023-04-14,2023-04-19,-0.8237310788481714,-2.0871844345131114,-2.441795973249224,-1.6811399495675001
2023-04-21,2023-04-26,-0.7192589640860625,-3.593992302892261,0.5902096274621997,3.2429550835449543
2023-04-28,2023-05-03,-0.38113962645256133,-4.404617046417967,-0.14583639743846177,3.859275556463589
2023-05-05,2023-05-10,-0.15096240176962383,-1.5731122571730456,-2.4000035711638437,-3.521935384880152
2023-05-12,2023-05-17,1.2925328664733038,2.6876226047324483,-1.3278203386077099,-1.6765200433507714
2023-05-19,2023-05-24,1.9139917526722865,2.0375603033018113,-3.68408660485338,-2.7537181637716057
2023-05-26,2023-06-01,1.2887969226410299,2.8656085259006447,2.354708723830735,2.8828544963159546
2023-06-02,2023-06-07,1.269655114038813,1.1232177992166728,-1.7246602724096383,-3.3084037822722734
2023-06-09,2023-06-14,1.3447160718206177,-1.7004987920957886,3.443400053775583,5.1285965131726545
2023-06-16,2023-06-22,0.5976149492766399,-4.6986141122998655,-0.4488532838081615,-0.18798357064946103
2023-06-23,2023-06-28,1.5906908252376903,2.7111411281747553,0.4447959123255319,1.5977515351283662
2023-06-30,2023-07-06,0.031070130706964905,-0.02786679689205254,2.9520919046254677,1.7816920446167661
2023-07-07,2023-07-12,-0.7615911703807796,1.194915970068807,1.4283149193415996,-0.43647976180798975
2023-07-14,2023-07-19,-1.5006379997586239,-0.476317386391244,0.3310165220454624,2.177706418410104
2023-07-21,2023-07-26,-1.4200739333993146,-0.8182836620277945,1.3310091021555357,1.8038820589678348
2023-07-28,2023-08-02,-0.5860725869255482,-2.324963304827978,2.558192404596829,4.0187831217056145
2023-08-04,2023-08-09,0.22427326696754712,1.685735417374211,-1.8425981946368526,-1.4088103111381116
2023-08-11,2023-08-16,-0.44000146595703477,-2.0691252947072387,1.288887266288751,2.3032452956756835
2023-08-18,2023-08-23,-1.5871451609799214,-1.6838799477181632,0.7700599815374987,1.9576481625097946
2023-08-25,2023-08-30,-0.6425221887876613,0.6143280163342921,2.312591709975865,4.643092877514575
2023-09-01,2023-09-07,-1.208415717092346,-0.7797310460031618,0.734032427591053,0.4937714573727299
2023-09-08,2023-09-13,-1.2298700227689474,-0.31556433264428096,1.7234088144377435,2.4970643090181057
2023-09-15,2023-09-20,-0.8188955459111961,-2.173516479151977,0.4027752144590463,0.8928630744301398
2023-09-22,2023-09-27,-0.9360742496088437,2.4204315044703915,-2.1800992935325123,-3.144913268250335
2023-09-29,2023-10-04,-0.5034061847225244,-5.693437440807177,-2.424797711002804,-1.7828770182879354
2023-10-06,2023-10-12,-0.3511693785458337,-0.9965862634478548,5.6306650739543125,4.4603901300663935
2023-10-13,2023-10-18,-0.9122658622894283,1.9313782453942097,1.125504283973175,0.8677577413268636
2023-10-20,2023-10-25,0.05065862606925398,1.746308661704048,-2.672791117334574,-0.034861426185369644
2023-10-27,2023-11-01,-0.23012963802591313,-0.725308975995893,2.425617123589342,0.17258386926699246
2023-11-03,2023-11-08,0.4370888083822497,-2.7438168844818844,0.6439341522542471,3.8916422654939935
2023-11-10,2023-11-15,1.3272580725111933,-2.242964904265866,-4.846617259037897,-0.8853071753036182
2023-11-17,2023-11-22,0.6380553469176087,-1.9981328648403338,-2.5985766061359303,-3.0942571709055686
2023-11-24,2023-11-29,1.0436426588752676,1.9134980186019752,-2.4802211169567943,-5.104903117916012
2023-12-01,2023-12-06,0.6866978983475507,-4.2154825824682,0.028989708856440533,2.703060531346983
2023-12-08,2023-12-13,0.9135141630237953,1.1939571070514647,3.0223255493329715,2.797385204240595
2023-12-15,2023-12-20,0.5782499874058792,0.8701618467668051,-0.3797644602138784,-0.7882617602887564
2023-12-22,2023-12-28,0.9425036822356895,-3.130167394864881,-0.18066852249489243,-1.9630467720488727
2023-12-29,2024-01-04,0.16892898749841637,-0.8118379641932448,2.2135075068573444,-1.8405427542715298
2024-01-05,2024-01-10,-0.012131812848576068,-1.1944586456728759,0.8071293469373982,1.8961193630028035
2024-01-12,2024-01-18,-0.8729268921083027,2.080151137541635,-0.8512989726675108,1.2568690659708244
2024-01-19,2024-01-24,-1.024810551619299,1.011992657976225,3.1686593842417174,3.859375867869208
2024-01-26,2024-01-31,-1.1409129765073063,-2.6136822264539,-2.5492617878975063,-4.7794330862995
2024-02-02,2024-02-07,-0.029097578685375484,0.5807295677859955,3.1938048821868894,3.960390848920116
2024-02-09,2024-02-14,0.808314509526208,-1.5318572056704682,1.7742815668210903,3.266846588488681
2024-02-16,2024-02-22,-0.11741037602024366,0.9462002088997229,-2.594905200682251,-1.4035761809212304
2024-02-23,2024-02-28,0.5616008304763725,-0.4521484718845896,-0.2773227543146533,1.8211804327528929
2024-03-01,2024-03-06,0.6317897966112821,1.2186845973660088,-0.33773251190475573,-1.4084739881739086
2024-03-08,2024-03-13,-0.04303609769366906,2.714075373871873,1.830180667141973,1.5620513169842078
2024-03-15,2024-03-20,0.17977993616805232,-1.9141630019160587,-0.9709992542628252,-2.062432002934744
2024-03-22,2024-03-27,1.252587284358482,-0.31599442920149445,2.1793650469155,2.867795065536667
2024-03-29,2024-04-03,-0.6315552498380995,0.31364374901303116,1.3249804991014764,1.6905698472275716
2024-04-05,2024-04-10,-0.7415528225481202,1.0865902769962952,-1.3775757584618438,-0.5996327930006735
2024-04-12,2024-04-17,-0.16202562504602303,-3.0285705954169404,-0.09576251629595449,0.25094116054259286
2024-04-19,2024-04-24,-1.2362814966443816,-0.09509093786781544,0.9821982990248634,1.522422748500934
2024-04-26,2024-05-01,-0.07154798205976326,-3.398828893000589,-0.1364002939483208,-1.3096538919845568
2024-05-03,2024-05-08,0.8077413025521917,0.7474807445305861,0.35928924235202575,-0.9477561901186944
2024-05-10,2024-05-15,0.06541021039833361,0.7632192193393503,0.7698076257551077,1.7666776125864887
2024-05-17,2024-05-22,1.2807150451485068,-1.8898003118200848,-2.145402168321014,-0.85009710699135
2024-05-24,2024-05-30,-0.9177831148334724,-1.6080748528453912,-1.261725780371746,-4.799260995993475
2024-05-31,2024-06-05,0.44698217250658423,1.0847110037102934,1.8997932853743973,1.9128609103521605
2024-06-07,2024-06-12,-0.7269911330404754,0.8583743691391655,0.0628259114715371,-0.18871490786519624
2024-06-14,2024-06-20,0.6864419924683777,0.8071846729723196,-1.975223259769144,-0.8555815281214463
2024-06-21,2024-06-26,0.30160551096446186,0.2680313495469437,1.0288779257170062,0.7756674449764056
2024-06-28,2024-07-03,0.26098878340692927,1.299640220994237,-0.884283307462929,-1.8481748661314732
2024-07-05,2024-07-10,-0.28923851534830936,0.7341911778307535,0.6335565989147797,0.11984661070151435
2024-07-12,2024-07-17,-0.10052219039151639,2.6976587698202077,0.011881423408496277,-3.2975993510359634
2024-07-19,2024-07-24,-0.7281526174638749,0.687813181619805,0.8216973102281024,-0.2541943412446188
2024-07-26,2024-07-31,-0.5068915010694326,4.102677859192051,-2.0624537552540336,-5.6639691663319445
2024-08-02,2024-08-07,0.37917902619683425,2.7500410967728772,1.244184012336572,2.065122435043174
2024-08-09,2024-08-14,-0.6327693136938969,-1.6932423748535659,1.50511916141162,-0.5366739177940787
2024-08-16,2024-08-21,0.338937446907901,-3.3915295396518994,1.3107779151701016,4.119575643826712
2024-08-23,2024-08-28,0.012760809822954645,-1.3290543680956697,1.850567936006501,-1.293265141814576
2024-08-30,2024-09-05,-0.6098732893063142,-0.028530670664283223,-2.1779183477459205,-0.6297430286418652
2024-09-06,2024-09-11,-0.6807924634818063,2.2522807149553823,2.3745143423968544,1.944344479168959
2024-09-13,2024-09-18,-0.6923788858420176,-0.4026944274016865,1.3680860100066479,1.1757518388872072
2024-09-20,2024-09-25,-0.1810889461946978,-2.6899912797045507,-3.0860415800666647,-2.4437036050906613
2024-09-27,2024-10-02,0.0769891019642082,0.4675885246292696,4.950345495986759,5.754316059888501
2024-10-04,2024-10-09,0.8619710259809152,-0.553643977154534,3.473171929087784,3.0143653301911355
2024-10-11,2024-10-17,-0.13311121495962755,0.40779076407985804,-2.0987724419061977,-0.14042973800557046
2024-10-18,2024-10-23,-0.13850942168918196,-2.038764187643114,-1.1130794735852032,0.9066245237753042
2024-10-25,2024-10-30,0.18981249622050175,2.097004769134895,0.9675864354679373,1.2975960613193636
2024-11-01,2024-11-06,-0.07800212313831759,-0.38824230686095446,0.9815520845659346,-1.8084182468022083
2024-11-08,2024-11-14,-0.2579976831499796,0.333938604336873,-2.435566400082771,0.6789480757910623
2024-11-15,2024-11-20,-0.04252044859563811,-0.7194275634027085,1.632806255259241,3.448862359922729
2024-11-22,2024-11-27,-0.6240266995790344,-0.028968713991691958,-1.1217249236823128,-0.9899629545425688
2024-11-29,2024-12-04,-0.3467667979119142,-1.928672333408147,-0.33481361796142406,-0.33481361796142406
2024-12-06,2024-12-11,-0.5526989785380583,2.467489983807496,-0.45448167988835914,1.3651608818132952
2024-12-13,2024-12-18,-0.4010672484877638,0.6944964488604021,-0.9936206659129719,-1.5515221201366824
2024-12-20,2024-12-26,-0.18395518511335596,-0.6938080928725643,1.2706651269114881,1.8999938244904118
2024-12-27,2025-01-02,-0.3350859452666419,1.8464588055062787,1.145333546881293,0.702231109910258
2025-01-03,2025-01-08,-1.1012089175657318,-1.342482237583846,4.337583300803292,7.270718845198379
2025-01-10,2025-01-15,0.9482886865316019,3.1840605855658843,-1.7241806434506217,-2.724758936071365
2025-01-17,2025-01-23,0.24523966003358996,-1.4423008870311422,-0.08000000426666934,-2.0466582171641092
2025-01-24,2025-01-29,0.3822796646890686,-1.6452883203406998,0.21911813751985576,-0.13719305211268712
2025-01-31,2025-02-05,0.14377416850415656,-2.2849432772343916,-0.5900550977477651,-0.09810105194296458
2025-02-07,2025-02-12,0.7452993496439817,-2.6826011957790104,-0.0836936860124371,-0.9385794193822542
2025-02-14,2025-02-20,0.6307594842580158,0.4124851166778567,-3.008583462231485,-2.5289662358821805
2025-02-21,2025-02-26,0.5031193494816252,-0.405738855416041,2.5092720943633506,1.5845909201198476
2025-02-28,2025-03-05,0.9366555908272572,-2.7991460986092678,0.060060061865470055,1.0607405053347925
2025-03-07,2025-03-12,-0.700243481297502,1.684470029207016,-1.2344917688186736,-0.3257331870306399
2025-03-14,2025-03-19,-0.4560931758352253,-0.13344208370536276,1.6918388090061944,1.6480655537657676
2025-03-21,2025-03-26,-0.5814695724267076,0.8170331410111706,0.35625260336033115,-0.4435231535510906
2025-03-28,2025-04-02,1.0468162249781403,0.7096669316268223,-6.724137558862589,-14.444566149248313
2025-04-04,2025-04-09,-0.3961112795443745,4.223338977206039,-3.3444675544465694,-1.1562679006180805
2025-04-11,2025-04-16,-0.8126849236030987,1.8296129046937823,3.4235465385941346,0.9496747537257207
2025-04-18,2025-04-23,-0.8817106055238156,-3.0810359106008454,1.4422945952915425,1.9132530796000597
2025-04-25,2025-04-30,-0.4514135111604933,-3.7734108477857466,1.731356715558869,0.20130857326815188
2025-05-02,2025-05-07,-0.9116033476365948,-1.6689305924064388,3.0332979390374715,4.84535205035696
2025-05-09,2025-05-14,-0.11974188372170638,-0.8647367041182294,-2.2744294673354166,-0.9975145056819509
2025-05-16,2025-05-21,0.30481484084847654,-1.639122592320406,-0.6056760625922106,-0.06358289834302452
2025-05-23,2025-05-29,0.38535526879622184,-1.4170929571690931,-0.3248865755665668,2.5775860700788735
2025-05-30,2025-06-04,0.4668398399467383,-0.8302702978306822,0.7678483232694823,2.6850375334067844
2025-06-06,2025-06-11,0.442663803690782,4.831139329567001,-0.2615520235602583,6.909928482548021
2025-06-13,2025-06-18,-0.02315664821832202,0.35641249530346786,-0.22425970746994192,-8.997459094353504
2025-06-20,2025-06-25,-0.009481912869727781,0.806517344452636,0.6947618944658693,1.025340707915809
2025-06-27,2025-07-02,-0.8943604102354631,2.986179017095861,-0.7749143243969265,0.725587278554381
2025-07-04,2025-07-09,0.5039942113545398,0.08623168111231634,-2.664106900166976,0.02872737738802375
2025-07-11,2025-07-16,0.558041406421414,-0.9341012393138961,2.39911425639884,2.0640567647072356
2025-07-18,2025-07-23,0.7846145376899979,-2.260406097126507,1.6665801241005782,0.4983775323494149
2025-07-25,2025-07-30,0.5659489050733659,1.160171473728554,-1.0321760072034396,-3.872006483138705
2025-08-01,2025-08-06,0.08193415905934441,-1.2464061646898121,-0.7368777586020128,-0.6752634621364619
2025-08-08,2025-08-13,0.29974044277604317,-0.8444147125240319,2.0362870370129906,0.15691200457839588
2025-08-15,2025-08-20,0.8113189903653194,1.2699081060911948,0.5747588638006655,-0.1715132563582967
2025-08-22,2025-08-27,-0.28183506549678017,1.3896702676209411,0.7261522831136531,-0.20178508981034549
2025-08-29,2025-09-04,1.2792501029833043,-0.8582404243926898,-2.5233426410764626,-1.914463977420264
2025-09-05,2025-09-10,0.23803556966455738,1.6380898653260871,-2.0518396598982633,-1.558718482478354
2025-09-12,2025-09-17,0.5190659824206648,-0.7424628074277809,-0.7793056896608929,-2.1816764229670706
2025-09-19,2025-09-24,0.12180390776329701,2.539622398119348,0.16805442806319154,1.6679689198655374
2025-09-26,2025-10-01,-0.8178704281418321,-0.9223983973998937,-2.1151995504274277,-1.5132291326256866
2025-10-03,2025-10-08,-0.40426796075261157,1.350405778214973,-1.6066519145849847,-5.882137252380555
2025-10-10,2025-10-16,-0.5583437161219458,-1.3461905605720648,0.017154129898822576,0.08574123821171029
2025-10-17,2025-10-22,-0.20210033966941593,1.08512424543747,5.159678964355159,4.887046288068099
2025-10-24,2025-10-29,0.8017884234433462,0.47451614849043794,0.1631055654371502,0.7966874103457512
2025-10-31,2025-11-05,-0.08133882515614681,-1.6094944250820913,-0.2652521449131117,0.23151986528033042
2025-11-07,2025-11-13,-0.14407159243089468,0.40390495839505747,2.209208691820262,1.8636146672804599
2025-11-14,2025-11-19,-0.7369208631855261,-2.0365295725324133,-0.3323918632882714,-2.3672724689626103
2025-11-21,2025-11-26,-0.04290008190138092,0.9567816026054773,-0.3918567072277213,1.1160075246637744
2025-11-28,2025-12-03,-0.8149222860772861,0.47497968857186446,1.2278347844218729,1.910886169804629
2025-12-05,2025-12-10,0.17462021438794317,0.4612633103587147,-1.5632028353197764,-1.8232359193476797
2025-12-12,2025-12-17,-1.1164163049688238,1.1299555253933466,0.2671655342804606,1.293541559152435
2025-12-19,2025-12-24,0.21021863974913788,0.28992942625337453,-3.6771399097122894,-1.4235726215346869
2025-12-26,2025-12-31,-0.0968410169540612,-0.9213450659717671,-0.08735913895315789,1.456336418789651
2026-01-02,2026-01-07,1.194407054988426,-1.6994567270563317,3.0419928013048203,5.132900165934023
2026-01-09,2026-01-14,1.0360234662009402,1.6138584845630441,-4.481199444642803,-4.025617791056736
2026-01-16,2026-01-22,1.3166033895959286,-1.9060934879094744,2.4346708665854493,2.0384999951713874
2026-01-23,2026-01-28,0.08834669790983359,1.1379239703555273,3.16839551829323,2.7506645789833515
2026-01-30,2026-02-04,-0.17267336620801227,3.051030806343372,-2.6048860255298534,-1.2312163634513031
2026-02-06,2026-02-11,1.128964354823517,0.930239266231341,-2.6901841263391404,-2.7377540947300396
2026-02-13,2026-02-19,-1.2870622696690457,2.015372402693473,0.04499437646212345,-0.4510607557349819
2026-02-20,2026-02-25,0.2609842035063223,-0.4888491250570358,-0.30674870678618343,2.5103389898834476
2026-02-27,2026-03-04,0.9821196048456197,0.13417417818631486,8.109419996154115,19.64564597878612
2026-03-06,2026-03-11,0.39354556476727875,3.624817699433961,9.667079543105034,12.624686020989358
2026-03-13,2026-03-18,1.061628216044395,0.1145058158735642,-0.010404203307526961,2.658884756152827
2026-03-20,2026-03-25,2.495359698315245,-1.808485046136394,4.977317992222971,10.124321061447631
2026-03-27,2026-04-01,0.09171450303196729,-0.9376900118090977,10.542920809726903,11.22942236169493
2026-04-03,2026-04-08,-0.10962896304168812,-17.515581025604135,3.5245488920746957,2.2313403259402844
2026-04-10,2026-04-15,-0.7644570823036463,-0.03223899872100146,3.60989064304167,-7.972927156044395
2026-04-17,2026-04-22,0.3439972866539342,1.1889736667874846,4.649603131104571,3.7896656147247407
2026-04-24,2026-04-29,-1.1192196227037263,6.565558669263176,-1.6704327073797716,-4.71711261030441
2026-05-01,2026-05-06,-0.5311057056606894,-6.763498795493848,-0.3753872414037523,0.12144521278104582
2026-05-08,2026-05-13,-0.8491221312766606,-1.1983024985422137,0.1338560291649973,4.18776942488085
2026-05-15,2026-05-20,-1.2094077435907433,-9.737315022995798,-1.476078115228162,-1.326489456069901
2026-05-22,2026-05-28,-2.1008193394589396,0.3243246086119873,-1.621274835388541,3.510248524012495
2026-05-29,2026-06-03,-0.6484898093958021,2.3222663022662458,-2.981043774834138,-5.6074045142665705
2026-06-05,2026-06-10,-0.08207438365814329,1.9183689927820446,-2.267181206051256,-5.552715351811846
2026-06-12,2026-06-17,-0.678940314327506,1.059530011545499,-0.37267123876963854,-2.143073433651692
2026-06-19,2026-06-24,-0.5135896503862896,-4.383062562670949,1.7350702462242038,-1.5806143349683266
2026-06-26,2026-07-01,0.7903355592474756,-1.1689370451030898,-0.014340001458561404,-0.2009473907131094
2026-07-03,2026-07-08,0.39986742774566986,4.148722825704322,-1.909204291120243,-2.8707501610644313
2026-07-10,2026-07-15,0.827761492503679,0.35986885024728327,-0.8708689027969403,3.2897703507059015
2026-07-17,2026-07-22,0.14138118879727735,1.8653390591133616,5.999364344342785,4.54927941783627
2026-07-24,2026-07-29,-0.3595494695754392,6.1939670593726,-1.0862689304776876,0.09289364346588147
2026-07-31,2026-08-05,1.42926232026866,-0.7137789048292406,2.6983520721728294,3.8203304350386347
2026-08-07,2026-08-12,1.578911255725025,0.23565463951358426,-2.6232576118145614,-1.1600508877914275
2026-08-14,2026-08-19,-0.5279626315023555,0.9208168193862526,2.7906685843572787,-0.08023382859212311
2026-08-21,2026-08-26,1.1937889362165524,-0.5258138309754058,1.604598521020223,1.321211863072437
2026-08-28,2026-09-02,0.03962671796439299,0.7297314961251823,0.4331354903674057,0.5842907771908891
2026-09-04,2026-09-10,0.32585015956498914,6.285990762514772,-2.245749525659378,-1.116570656638314
2026-09-11,2026-09-16,0.5249851023865496,-3.2285371496516198,-0.3964613808800423,-2.1262870697726517
2026-09-18,2026-09-23,1.5589267285724302,-3.1932741133498004,2.6420220023392607,-9.132370500858459
