report,instrument,date,release_et,release_utc,note
WPSR,CRUDEOIL,2026-08-26,10:30,14:30,
WPSR,CRUDEOIL,2026-09-02,10:30,14:30,
WPSR,CRUDEOIL,2026-09-10,12:00,16:00,Thursday: delayed by Labor Day (EIA schedule)
WPSR,CRUDEOIL,2026-09-16,10:30,14:30,
WPSR,CRUDEOIL,2026-09-23,10:30,14:30,
WPSR,CRUDEOIL,2026-09-30,10:30,14:30,
WNGSR,NATGASMINI,2026-08-27,10:30,14:30,previous-day (26 Aug) volume thin: pivots unreliable
WNGSR,NATGASMINI,2026-09-03,10:30,14:30,
WNGSR,NATGASMINI,2026-09-10,10:30,14:30,
WNGSR,NATGASMINI,2026-09-17,10:30,14:30,
WNGSR,NATGASMINI,2026-09-24,10:30,14:30,UNUSABLE: expiring contract (thin volume)
WNGSR,NATGASMINI,2026-10-01,10:30,14:30,
