date,time_utc,open,high,low,close,volume
2026-08-27,14:00,288.2,288.7,287.9,288,4077
2026-08-27,14:05,288,288.7,288,288.6,3731
2026-08-27,14:10,288.6,289.6,288.4,289.3,4601
2026-08-27,14:15,289.5,290,289.2,289.2,3414
2026-08-27,14:20,289.3,289.5,288.8,289.4,3031
2026-08-27,14:25,289.4,289.8,288.3,288.8,3690
2026-08-27,14:30,288.9,289.4,285.9,286,10469
2026-08-27,14:35,286,287.6,285.8,286.6,4554
2026-08-27,14:40,286.6,286.7,285.5,285.6,4670
2026-08-27,14:45,285.9,286.6,285.9,286.5,1348
2026-08-27,14:50,286.4,286.4,285.7,285.9,1480
2026-08-27,14:55,285.9,285.9,285.4,285.5,2582
2026-08-27,15:00,285.4,286,285.3,285.8,1423
2026-08-27,15:05,285.7,285.8,285.1,285.7,1392
2026-08-27,15:10,285.5,285.7,285.1,285.2,1004
2026-08-27,15:15,285,285.7,284.8,285.3,2110
2026-08-27,15:20,285.3,285.4,284.6,284.7,2199
2026-08-27,15:25,284.8,285.1,284.7,284.7,1150
2026-08-27,15:30,284.7,285,284.5,284.6,1529
2026-08-27,15:35,284.6,284.8,284.3,284.5,1461
2026-08-27,15:40,284.6,284.6,284.3,284.5,1314
2026-08-27,15:45,284.4,284.5,283.8,284.1,3777
2026-08-27,15:50,284,284.4,283.8,284.1,1440
2026-08-27,15:55,284.1,284.3,283.9,284,1499
2026-08-27,16:00,284,284.2,283.5,283.6,1590
2026-09-03,14:00,287.3,287.6,287.1,287.6,986
2026-09-03,14:05,287.5,287.5,286.8,287.1,1062
2026-09-03,14:10,287.1,287.3,286.8,286.9,675
2026-09-03,14:15,286.9,287.5,286.7,287.4,993
2026-09-03,14:20,287.4,287.8,287,287,1659
2026-09-03,14:25,287.2,287.3,286.8,287.3,1703
2026-09-03,14:30,288.1,288.1,286,287,8805
2026-09-03,14:35,287.2,287.5,284.9,284.9,7731
2026-09-03,14:40,284.9,286,284.6,284.8,5017
2026-09-03,14:45,284.8,284.9,283.7,283.8,7223
2026-09-03,14:50,283.8,283.9,283.4,283.4,4642
2026-09-03,14:55,283.5,283.5,281.5,281.7,8509
2026-09-03,15:00,281.6,281.9,280.8,280.8,6724
2026-09-03,15:05,280.8,281.3,279.8,279.8,7013
2026-09-03,15:10,279.9,280.3,279.5,279.8,5955
2026-09-03,15:15,279.8,280,279.1,279.8,4850
2026-09-03,15:20,279.8,279.8,278.8,279.1,4967
2026-09-03,15:25,279,279.5,278.9,279.2,4018
2026-09-03,15:30,279.1,279.3,278.4,278.4,4477
2026-09-03,15:35,278.5,279,278.2,278.8,3042
2026-09-03,15:40,278.7,279.5,278.7,279.5,3714
2026-09-03,15:45,279.4,279.6,279,279.6,3956
2026-09-03,15:50,279.5,279.7,279.2,279.4,2605
2026-09-03,15:55,279.4,279.8,279.1,279.7,1695
2026-09-03,16:00,279.7,279.9,279.4,279.4,2294
2026-09-10,14:00,271.4,271.8,270.9,271.8,924
2026-09-10,14:05,271.8,271.8,271.1,271.7,808
2026-09-10,14:10,271.7,271.7,271,271,579
2026-09-10,14:15,271,271.3,270.9,271.2,651
2026-09-10,14:20,271.2,271.2,270.6,270.7,1013
2026-09-10,14:25,270.8,270.8,270.3,270.5,1664
2026-09-10,14:30,270.4,270.9,269,270.4,8456
2026-09-10,14:35,270.3,270.9,269.9,270.8,1989
2026-09-10,14:40,270.6,271.6,270.3,271.6,2049
2026-09-10,14:45,271.6,271.9,271.2,271.7,2167
2026-09-10,14:50,271.8,271.8,270.4,270.7,2253
2026-09-10,14:55,270.5,271,270.3,270.8,939
2026-09-10,15:00,270.9,271.1,270.5,270.8,722
2026-09-10,15:05,270.8,271.2,270.6,271.1,319
2026-09-10,15:10,271.1,271.2,270.7,270.9,433
2026-09-10,15:15,270.6,271.4,270.5,271.4,1236
2026-09-10,15:20,271.3,271.7,270.9,271,1475
2026-09-10,15:25,271.2,271.8,271,271.8,949
2026-09-10,15:30,271.7,271.8,271,271.2,991
2026-09-10,15:35,271.3,271.7,271.2,271.3,843
2026-09-10,15:40,271.2,271.8,271.2,271.7,687
2026-09-10,15:45,271.7,271.8,271,271.6,1079
2026-09-10,15:50,271.7,272.9,271.6,272.8,3963
2026-09-10,15:55,272.8,273.4,272.8,273,3031
2026-09-10,16:00,273,273.2,272.6,272.7,1920
2026-09-17,14:00,284.1,285,284.1,284.8,6378
2026-09-17,14:05,284.8,286.1,284.8,285.9,7783
2026-09-17,14:10,286,286.1,285.3,285.8,6391
2026-09-17,14:15,285.8,286.3,285.5,285.8,5012
2026-09-17,14:20,285.8,285.9,285.2,285.4,3044
2026-09-17,14:25,285.4,285.5,284.6,285.3,3942
2026-09-17,14:30,285.4,287.1,284,284.1,13087
2026-09-17,14:35,284.2,284.6,284.1,284.1,2759
2026-09-17,14:40,284.3,284.5,283.7,283.9,3713
2026-09-17,14:45,283.9,284.8,283.8,284.1,2683
2026-09-17,14:50,284.2,285,284.2,284.7,1821
2026-09-17,14:55,284.7,284.9,284.1,284.3,1748
2026-09-17,15:00,284.3,284.7,284,284.2,847
2026-09-17,15:05,284.2,284.6,284,284.1,909
2026-09-17,15:10,284,284.2,283.5,283.7,1821
2026-09-17,15:15,283.6,284.4,283.6,284.1,1528
2026-09-17,15:20,284.1,284.4,284,284.1,604
2026-09-17,15:25,284.3,284.4,283.9,284,642
2026-09-17,15:30,284,284.3,283.7,284.1,668
2026-09-17,15:35,284.2,284.6,284.1,284.5,904
2026-09-17,15:40,284.6,284.6,284,284.2,793
2026-09-17,15:45,284.3,284.4,283.7,283.9,1257
2026-09-17,15:50,284,284,283.4,283.5,2289
2026-09-17,15:55,283.6,283.8,283.4,283.7,1014
2026-09-17,16:00,283.7,283.8,283.3,283.4,2058
2026-09-24,14:00,292.3,292.3,291.8,292,48
2026-09-24,14:05,292,292.5,291.9,292.3,39
2026-09-24,14:10,292,292.8,291.9,292.8,88
2026-09-24,14:15,292.8,294.4,292.8,294.3,478
2026-09-24,14:20,294.5,294.6,294,294,154
2026-09-24,14:25,294,295,293.5,294.2,216
2026-09-24,14:30,293.5,294.4,291.8,293.8,634
2026-09-24,14:35,293.8,293.9,292.3,292.5,293
2026-09-24,14:40,292.5,296.3,292.3,296.3,485
2026-09-24,14:45,296.6,300.6,296.5,298,1719
2026-09-24,14:50,297.6,301,297.1,300.8,893
2026-09-24,14:55,300.9,309.8,300.8,302.8,3491
2026-09-24,15:00,302.8,307.3,301.9,306.7,1882
2026-09-24,15:05,306.8,308,306.2,307,1686
2026-09-24,15:10,307,309,306.8,308.6,913
2026-09-24,15:15,308.6,309,306.7,307.6,869
2026-09-24,15:20,307.5,309.5,306.6,309.3,475
2026-09-24,15:25,309.3,310.4,307.8,310.4,1079
2026-09-24,15:30,310.1,316.3,310.1,313.1,1307
2026-09-24,15:35,313.1,313.5,311.4,313.3,737
2026-09-24,15:40,313.2,315.2,312.5,315.1,935
2026-09-24,15:45,315.2,318.4,315,317.5,1851
2026-09-24,15:50,317.4,317.4,312.7,314.4,1213
2026-09-24,15:55,314.4,315.9,313.7,313.9,684
2026-09-24,16:00,314.1,317.2,313.8,316.8,536
2026-10-01,14:00,290.3,290.8,290.1,290.7,932
2026-10-01,14:05,290.7,290.8,290.5,290.8,748
2026-10-01,14:10,290.8,291.8,290.4,291.4,1449
2026-10-01,14:15,291,291.2,290.6,291.1,764
2026-10-01,14:20,290.9,291.1,289.8,290.8,1749
2026-10-01,14:25,290.7,291.3,290.1,290.1,1195
2026-10-01,14:30,290.1,291.3,289.3,289.8,5626
2026-10-01,14:35,289.8,290.5,289.6,290,1249
2026-10-01,14:40,289.9,290.5,289.9,290,729
2026-10-01,14:45,290,290.3,289.5,290,1066
2026-10-01,14:50,290,290.4,289.4,289.7,1281
2026-10-01,14:55,289.6,289.7,288.5,288.6,2853
2026-10-01,15:00,288.5,289.2,288.2,288.7,2336
2026-10-01,15:05,288.8,289.1,288.5,289.1,1188
2026-10-01,15:10,289.1,291,289,290.7,3492
2026-10-01,15:15,290.7,290.7,289.5,289.5,1385
2026-10-01,15:20,289.4,290,289.4,289.9,398
2026-10-01,15:25,289.9,290,289,289.2,1055
2026-10-01,15:30,289.2,289.9,289,289.3,1065
2026-10-01,15:35,289.3,290.2,289.3,290,872
2026-10-01,15:40,290,290.5,289.8,290.3,759
2026-10-01,15:45,290.2,290.5,289.9,290.4,749
2026-10-01,15:50,290.5,290.6,288.7,289,1648
2026-10-01,15:55,289,289.4,288.4,288.5,1603
2026-10-01,16:00,288.5,289,288.4,288.8,972
