date,open,high,low,close,volume,bars
2026-08-24,7884,7935,7772,7807,40329,174
2026-08-25,7862,7875,7462,7514,54592,174
2026-08-26,7340,7642,7282,7568,50902,174
2026-08-27,7505,7717,7402,7710,39854,174
2026-08-28,7640,7692,7542,7665,35339,174
2026-08-31,7797,7941,7732,7822,51394,174
2026-09-01,7922,8238,7861,8215,52666,174
2026-09-02,8283,8315,8081,8263,46530,174
2026-09-03,8315,8471,8132,8310,62827,174
2026-09-04,8348,8376,8054,8246,52581,174
2026-09-07,8359,8486,8259,8440,40859,174
2026-09-08,8442,8639,8381,8414,53393,174
2026-09-09,8630,8874,8587,8798,63878,174
2026-09-10,8815,9454,8744,9402,94758,174
2026-09-11,9518,9577,9086,9216,70690,174
2026-09-14,9553,9723,9325,9415,64168,78
2026-09-15,9522,9918,9369,9896,62048,174
2026-09-16,9695,9775,9382,9496,50834,174
2026-09-17,9497,9518,9174,9440,64759,174
2026-09-18,9333,9620,9198,9342,24739,174
2026-09-21,9138,9180,8752,8840,17981,174
2026-09-22,8928,9008,8529,8585,75295,174
2026-09-23,8586,8914,8496,8800,58770,174
2026-09-24,8769,9309,8760,9159,76728,174
2026-09-25,8938,9050,8782,8847,62644,174
2026-09-28,8973,9292,8763,8930,105358,174
2026-09-29,9043,9125,8660,8675,71228,174
2026-09-30,8626,8830,8520,8715,58325,174
2026-10-01,8619,9027,8533,9005,80266,174
2026-10-05,8665,8807,8600,8681,58901,174
2026-10-06,8653,8694,8388,8634,60489,174
2026-10-07,8696,8745,8681,8699,7168,50
