report,utc,release_et,time_status,actual_check
WPSR,2005-12-01 09:00:00+00:00,2005-12-01 Thu 04:00,unexplained,diff +4.001
WPSR,2006-01-01 09:00:00+00:00,2006-01-01 Sun 04:00,unexplained,diff +1.555
WPSR,2006-02-01 09:00:00+00:00,2006-02-01 Wed 04:00,unexplained,diff -2.070
WPSR,2006-03-01 09:00:00+00:00,2006-03-01 Wed 04:00,unexplained,diff +0.894
WPSR,2006-04-01 09:00:00+00:00,2006-04-01 Sat 04:00,unexplained,ok
WPSR,2006-05-01 09:00:00+00:00,2006-05-01 Mon 05:00,unexplained,diff -0.746
WPSR,2006-06-01 09:00:00+00:00,2006-06-01 Thu 05:00,unexplained,diff -1.709
WPSR,2006-07-01 09:00:00+00:00,2006-07-01 Sat 05:00,unexplained,diff +1.310
WPSR,2006-08-01 09:00:00+00:00,2006-08-01 Tue 05:00,unexplained,ok
WPSR,2006-09-01 09:00:00+00:00,2006-09-01 Fri 05:00,unexplained,diff -3.009
WPSR,2006-10-01 09:00:00+00:00,2006-10-01 Sun 05:00,unexplained,diff -4.057
WPSR,2006-11-01 09:00:00+00:00,2006-11-01 Wed 04:00,unexplained,ok
WPSR,2006-12-01 09:00:00+00:00,2006-12-01 Fri 04:00,unexplained,diff +1.611
WPSR,2007-01-01 09:00:00+00:00,2007-01-01 Mon 04:00,unexplained,diff -3.525
WPSR,2007-02-01 09:00:00+00:00,2007-02-01 Thu 04:00,unexplained,diff -1.601
WPSR,2007-03-01 09:00:00+00:00,2007-03-01 Thu 04:00,unexplained,diff -1.062
WPSR,2007-04-01 09:00:00+00:00,2007-04-01 Sun 05:00,unexplained,diff -2.801
WPSR,2007-05-01 09:00:00+00:00,2007-05-01 Tue 05:00,unexplained,ok
WPSR,2007-06-01 09:00:00+00:00,2007-06-01 Fri 05:00,unexplained,diff +3.167
WPSR,2007-07-01 09:00:00+00:00,2007-07-01 Sun 05:00,unexplained,ok
WPSR,2007-08-01 09:00:00+00:00,2007-08-01 Wed 05:00,unexplained,diff +3.959
WPSR,2007-09-01 09:00:00+00:00,2007-09-01 Sat 05:00,unexplained,diff +1.099
WPSR,2007-10-01 09:00:00+00:00,2007-10-01 Mon 05:00,unexplained,diff -3.114
WPSR,2007-11-01 09:00:00+00:00,2007-11-01 Thu 05:00,unexplained,diff +1.815
WPSR,2007-12-01 09:00:00+00:00,2007-12-01 Sat 04:00,unexplained,diff +6.333
WPSR,2008-01-01 09:00:00+00:00,2008-01-01 Tue 04:00,unexplained,ok
WPSR,2008-02-21 15:30:00+00:00,2008-02-21 Thu 10:30,holiday_shift,ok
WPSR,2008-04-02 14:30:00+00:00,2008-04-02 Wed 10:30,ok,diff -5.417
WPSR,2008-05-14 15:30:00+00:00,2008-05-14 Wed 11:30,unexplained,ok
WPSR,2008-05-21 15:30:00+00:00,2008-05-21 Wed 11:30,unexplained,ok
WPSR,2008-05-29 15:30:00+00:00,2008-05-29 Thu 11:30,holiday_shift,ok
WPSR,2008-06-04 15:30:00+00:00,2008-06-04 Wed 11:30,unexplained,ok
WPSR,2008-06-11 15:35:00+00:00,2008-06-11 Wed 11:35,unexplained,ok
WPSR,2008-06-18 14:35:00+00:00,2008-06-18 Wed 10:35,unexplained,ok
WPSR,2008-07-09 14:35:00+00:00,2008-07-09 Wed 10:35,unexplained,ok
WPSR,2008-07-16 14:35:00+00:00,2008-07-16 Wed 10:35,unexplained,ok
WPSR,2008-07-23 14:35:00+00:00,2008-07-23 Wed 10:35,unexplained,ok
WPSR,2008-07-30 14:35:00+00:00,2008-07-30 Wed 10:35,unexplained,ok
WPSR,2008-08-06 14:35:00+00:00,2008-08-06 Wed 10:35,unexplained,ok
WPSR,2008-08-13 14:35:00+00:00,2008-08-13 Wed 10:35,unexplained,ok
WPSR,2008-08-20 14:35:00+00:00,2008-08-20 Wed 10:35,unexplained,ok
WPSR,2008-08-27 14:35:00+00:00,2008-08-27 Wed 10:35,unexplained,ok
WPSR,2008-09-04 15:00:00+00:00,2008-09-04 Thu 11:00,holiday_shift,ok
WPSR,2008-09-10 14:35:00+00:00,2008-09-10 Wed 10:35,unexplained,ok
WPSR,2008-09-17 14:35:00+00:00,2008-09-17 Wed 10:35,unexplained,ok
WPSR,2008-09-24 14:35:00+00:00,2008-09-24 Wed 10:35,unexplained,ok
WPSR,2008-10-01 14:35:00+00:00,2008-10-01 Wed 10:35,unexplained,ok
WPSR,2008-10-08 14:35:00+00:00,2008-10-08 Wed 10:35,unexplained,ok
WPSR,2008-10-16 15:00:00+00:00,2008-10-16 Thu 11:00,holiday_shift,ok
WPSR,2008-10-22 14:35:00+00:00,2008-10-22 Wed 10:35,unexplained,ok
WPSR,2008-10-29 14:35:00+00:00,2008-10-29 Wed 10:35,unexplained,ok
WPSR,2008-11-05 15:35:00+00:00,2008-11-05 Wed 10:35,unexplained,ok
WPSR,2008-11-13 16:00:00+00:00,2008-11-13 Thu 11:00,holiday_shift,ok
WPSR,2008-11-19 15:35:00+00:00,2008-11-19 Wed 10:35,unexplained,ok
WPSR,2008-11-26 15:35:00+00:00,2008-11-26 Wed 10:35,holiday_shift,ok
WPSR,2008-12-03 15:35:00+00:00,2008-12-03 Wed 10:35,unexplained,ok
WPSR,2008-12-10 15:35:00+00:00,2008-12-10 Wed 10:35,unexplained,ok
WPSR,2008-12-17 15:35:00+00:00,2008-12-17 Wed 10:35,unexplained,ok
WPSR,2008-12-24 15:35:00+00:00,2008-12-24 Wed 10:35,holiday_shift,ok
WPSR,2008-12-31 15:35:00+00:00,2008-12-31 Wed 10:35,holiday_shift,ok
WPSR,2009-01-07 15:30:00+00:00,2009-01-07 Wed 10:30,ok,diff +0.606
WPSR,2009-01-22 16:00:00+00:00,2009-01-22 Thu 11:00,holiday_shift,ok
WPSR,2009-02-19 16:00:00+00:00,2009-02-19 Thu 11:00,holiday_shift,ok
WPSR,2009-05-28 15:30:00+00:00,2009-05-28 Thu 11:30,holiday_shift,ok
WPSR,2009-09-10 15:00:00+00:00,2009-09-10 Thu 11:00,holiday_shift,ok
WPSR,2009-10-15 15:00:00+00:00,2009-10-15 Thu 11:00,holiday_shift,ok
WPSR,2009-11-12 16:00:00+00:00,2009-11-12 Thu 11:00,holiday_shift,ok
WPSR,2010-01-06 15:30:00+00:00,2010-01-06 Wed 10:30,ok,diff +2.643
WPSR,2010-01-21 16:00:00+00:00,2010-01-21 Thu 11:00,holiday_shift,ok
WPSR,2010-02-12 16:00:00+00:00,2010-02-12 Fri 11:00,unexplained,ok
WPSR,2010-02-18 16:00:00+00:00,2010-02-18 Thu 11:00,holiday_shift,ok
WPSR,2010-06-03 15:00:00+00:00,2010-06-03 Thu 11:00,holiday_shift,ok
WPSR,2010-07-08 15:00:00+00:00,2010-07-08 Thu 11:00,holiday_shift,ok
WPSR,2010-09-09 15:00:00+00:00,2010-09-09 Thu 11:00,holiday_shift,ok
WPSR,2010-10-14 15:00:00+00:00,2010-10-14 Thu 11:00,holiday_shift,ok
WPSR,2010-12-30 16:00:00+00:00,2010-12-30 Thu 11:00,holiday_shift,ok
WPSR,2011-01-20 16:00:00+00:00,2011-01-20 Thu 11:00,holiday_shift,ok
WPSR,2011-02-24 16:00:00+00:00,2011-02-24 Thu 11:00,holiday_shift,ok
WPSR,2011-06-02 15:00:00+00:00,2011-06-02 Thu 11:00,holiday_shift,ok
WPSR,2011-07-07 15:00:00+00:00,2011-07-07 Thu 11:00,holiday_shift,ok
WPSR,2011-09-08 15:00:00+00:00,2011-09-08 Thu 11:00,holiday_shift,ok
WPSR,2011-10-13 15:00:00+00:00,2011-10-13 Thu 11:00,holiday_shift,ok
WPSR,2011-12-29 16:00:00+00:00,2011-12-29 Thu 11:00,holiday_shift,ok
WPSR,2012-01-05 16:00:00+00:00,2012-01-05 Thu 11:00,holiday_shift,ok
WPSR,2012-01-11 15:30:00+00:00,2012-01-11 Wed 10:30,ok,diff +3.175
WPSR,2012-01-19 16:00:00+00:00,2012-01-19 Thu 11:00,holiday_shift,ok
WPSR,2012-02-23 16:00:00+00:00,2012-02-23 Thu 11:00,holiday_shift,ok
WPSR,2012-05-09 14:30:00+00:00,2012-05-09 Wed 10:30,ok,diff -1.637
WPSR,2012-05-31 15:00:00+00:00,2012-05-31 Thu 11:00,holiday_shift,ok
WPSR,2012-06-06 14:30:00+00:00,2012-06-06 Wed 10:30,ok,diff +1.652
WPSR,2012-07-05 15:00:00+00:00,2012-07-05 Thu 11:00,holiday_shift,ok
WPSR,2012-09-06 15:00:00+00:00,2012-09-06 Thu 11:00,holiday_shift,ok
WPSR,2012-09-12 14:30:00+00:00,2012-09-12 Wed 10:30,ok,diff +0.585
WPSR,2012-10-11 15:00:00+00:00,2012-10-11 Thu 11:00,holiday_shift,ok
WPSR,2012-11-01 15:00:00+00:00,2012-11-01 Thu 11:00,unexplained,ok
WPSR,2012-11-15 16:00:00+00:00,2012-11-15 Thu 11:00,holiday_shift,ok
WPSR,2012-12-12 15:30:00+00:00,2012-12-12 Wed 10:30,ok,diff +0.703
WPSR,2012-12-28 16:00:00+00:00,2012-12-28 Fri 11:00,holiday_shift,ok
WPSR,2013-01-04 16:00:00+00:00,2013-01-04 Fri 11:00,holiday_shift,ok
WPSR,2013-01-24 16:00:00+00:00,2013-01-24 Thu 11:00,holiday_shift,ok
WPSR,2013-02-21 16:00:00+00:00,2013-02-21 Thu 11:00,holiday_shift,ok
WPSR,2013-05-30 15:00:00+00:00,2013-05-30 Thu 11:00,holiday_shift,ok
WPSR,2013-09-05 15:00:00+00:00,2013-09-05 Thu 11:00,holiday_shift,ok
WPSR,2013-10-21 14:30:00+00:00,2013-10-21 Mon 10:30,unexplained,diff -1.247
WPSR,2013-11-14 16:00:00+00:00,2013-11-14 Thu 11:00,holiday_shift,ok
WPSR,2013-12-27 16:00:00+00:00,2013-12-27 Fri 11:00,holiday_shift,ok
WPSR,2014-01-03 16:00:00+00:00,2014-01-03 Fri 11:00,holiday_shift,ok
WPSR,2014-01-08 15:30:00+00:00,2014-01-08 Wed 10:30,ok,diff +1.283
WPSR,2014-01-23 16:00:00+00:00,2014-01-23 Thu 11:00,holiday_shift,ok
WPSR,2014-02-20 16:00:00+00:00,2014-02-20 Thu 11:00,holiday_shift,ok
WPSR,2014-05-29 15:00:00+00:00,2014-05-29 Thu 11:00,holiday_shift,ok
WPSR,2014-09-04 15:00:00+00:00,2014-09-04 Thu 11:00,holiday_shift,ok
WPSR,2014-10-16 15:00:00+00:00,2014-10-16 Thu 11:00,holiday_shift,ok
WPSR,2014-11-13 16:00:00+00:00,2014-11-13 Thu 11:00,holiday_shift,diff +1.050
WPSR,2015-01-07 15:30:00+00:00,2015-01-07 Wed 10:30,ok,diff +1.111
WPSR,2015-01-22 16:00:00+00:00,2015-01-22 Thu 11:00,holiday_shift,ok
WPSR,2015-02-11 15:30:00+00:00,2015-02-11 Wed 10:30,ok,diff +0.541
WPSR,2015-02-19 16:00:00+00:00,2015-02-19 Thu 11:00,holiday_shift,ok
WPSR,2015-03-11 14:30:00+00:00,2015-03-11 Wed 10:30,ok,diff -0.667
WPSR,2015-04-08 14:30:00+00:00,2015-04-08 Wed 10:30,ok,diff -0.730
WPSR,2015-05-28 15:00:00+00:00,2015-05-28 Thu 11:00,holiday_shift,ok
WPSR,2015-06-10 14:30:00+00:00,2015-06-10 Wed 10:30,ok,diff -0.795
WPSR,2015-09-10 15:00:00+00:00,2015-09-10 Thu 11:00,holiday_shift,ok
WPSR,2015-10-15 15:00:00+00:00,2015-10-15 Thu 11:00,holiday_shift,ok
WPSR,2015-11-12 16:00:00+00:00,2015-11-12 Thu 11:00,holiday_shift,ok
WPSR,2016-01-06 15:30:00+00:00,2016-01-06 Wed 10:30,ok,diff -0.935
WPSR,2016-01-21 16:00:00+00:00,2016-01-21 Thu 11:00,holiday_shift,ok
WPSR,2016-02-18 16:00:00+00:00,2016-02-18 Thu 11:00,holiday_shift,ok
WPSR,2016-06-02 15:00:00+00:00,2016-06-02 Thu 11:00,holiday_shift,ok
WPSR,2016-06-08 14:30:00+00:00,2016-06-08 Wed 10:30,ok,diff -0.865
WPSR,2016-07-07 15:00:00+00:00,2016-07-07 Thu 11:00,holiday_shift,ok
WPSR,2016-09-08 15:00:00+00:00,2016-09-08 Thu 11:00,holiday_shift,ok
WPSR,2016-10-13 15:00:00+00:00,2016-10-13 Thu 11:00,holiday_shift,ok
WPSR,2016-12-29 16:00:00+00:00,2016-12-29 Thu 11:00,holiday_shift,ok
WPSR,2017-01-05 16:00:00+00:00,2017-01-05 Thu 11:00,holiday_shift,ok
WPSR,2017-01-19 16:00:00+00:00,2017-01-19 Thu 11:00,holiday_shift,ok
WPSR,2017-02-23 16:00:00+00:00,2017-02-23 Thu 11:00,holiday_shift,ok
WPSR,2017-06-01 15:00:00+00:00,2017-06-01 Thu 11:00,holiday_shift,ok
WPSR,2017-07-06 15:00:00+00:00,2017-07-06 Thu 11:00,holiday_shift,ok
WPSR,2017-09-07 15:00:00+00:00,2017-09-07 Thu 11:00,holiday_shift,ok
WPSR,2017-10-12 15:00:00+00:00,2017-10-12 Thu 11:00,holiday_shift,ok
WPSR,2017-12-28 16:00:00+00:00,2017-12-28 Thu 11:00,holiday_shift,ok
WPSR,2018-01-04 16:00:00+00:00,2018-01-04 Thu 11:00,holiday_shift,ok
WPSR,2018-01-18 16:00:00+00:00,2018-01-18 Thu 11:00,holiday_shift,ok
WPSR,2018-02-22 16:00:00+00:00,2018-02-22 Thu 11:00,holiday_shift,ok
WPSR,2018-05-31 15:00:00+00:00,2018-05-31 Thu 11:00,holiday_shift,ok
WPSR,2018-07-05 15:00:00+00:00,2018-07-05 Thu 11:00,holiday_shift,ok
WPSR,2018-09-06 15:00:00+00:00,2018-09-06 Thu 11:00,holiday_shift,ok
WPSR,2018-10-11 15:00:00+00:00,2018-10-11 Thu 11:00,holiday_shift,ok
WPSR,2018-11-15 16:00:00+00:00,2018-11-15 Thu 11:00,holiday_shift,ok
WPSR,2018-12-06 16:00:00+00:00,2018-12-06 Thu 11:00,unexplained,ok
WPSR,2018-12-28 16:00:00+00:00,2018-12-28 Fri 11:00,holiday_shift,ok
WPSR,2019-01-04 16:00:00+00:00,2019-01-04 Fri 11:00,holiday_shift,ok
WPSR,2019-01-24 16:00:00+00:00,2019-01-24 Thu 11:00,holiday_shift,ok
WPSR,2019-02-21 16:00:00+00:00,2019-02-21 Thu 11:00,holiday_shift,ok
WPSR,2019-05-30 15:00:00+00:00,2019-05-30 Thu 11:00,holiday_shift,ok
WPSR,2019-09-05 15:00:00+00:00,2019-09-05 Thu 11:00,holiday_shift,ok
WPSR,2019-10-17 15:00:00+00:00,2019-10-17 Thu 11:00,holiday_shift,ok
WPSR,2019-11-14 16:00:00+00:00,2019-11-14 Thu 11:00,holiday_shift,ok
WPSR,2019-12-27 16:00:00+00:00,2019-12-27 Fri 11:00,holiday_shift,ok
WPSR,2020-01-03 16:00:00+00:00,2020-01-03 Fri 11:00,holiday_shift,ok
WPSR,2020-01-23 16:00:00+00:00,2020-01-23 Thu 11:00,holiday_shift,ok
WPSR,2020-02-20 16:00:00+00:00,2020-02-20 Thu 11:00,holiday_shift,ok
WPSR,2020-05-28 15:00:00+00:00,2020-05-28 Thu 11:00,holiday_shift,ok
WPSR,2020-09-10 15:00:00+00:00,2020-09-10 Thu 11:00,holiday_shift,ok
WPSR,2020-10-15 15:00:00+00:00,2020-10-15 Thu 11:00,holiday_shift,ok
WPSR,2020-11-12 16:00:00+00:00,2020-11-12 Thu 11:00,holiday_shift,ok
WPSR,2021-01-22 16:00:00+00:00,2021-01-22 Fri 11:00,holiday_shift,ok
WPSR,2021-02-18 16:00:00+00:00,2021-02-18 Thu 11:00,holiday_shift,ok
WPSR,2021-06-03 15:00:00+00:00,2021-06-03 Thu 11:00,holiday_shift,ok
WPSR,2021-07-08 15:00:00+00:00,2021-07-08 Thu 11:00,holiday_shift,ok
WPSR,2021-09-09 15:00:00+00:00,2021-09-09 Thu 11:00,holiday_shift,ok
WPSR,2021-10-14 15:00:00+00:00,2021-10-14 Thu 11:00,holiday_shift,ok
WPSR,2022-01-20 16:00:00+00:00,2022-01-20 Thu 11:00,holiday_shift,ok
WPSR,2022-02-24 16:00:00+00:00,2022-02-24 Thu 11:00,holiday_shift,ok
WPSR,2022-06-02 15:00:00+00:00,2022-06-02 Thu 11:00,holiday_shift,ok
WPSR,2022-06-29 14:25:00+00:00,2022-06-29 Wed 10:25,unexplained,diff +2.376
WPSR,2022-07-07 15:00:00+00:00,2022-07-07 Thu 11:00,holiday_shift,ok
WPSR,2022-09-08 15:00:00+00:00,2022-09-08 Thu 11:00,holiday_shift,ok
WPSR,2022-10-13 15:00:00+00:00,2022-10-13 Thu 11:00,holiday_shift,ok
WPSR,2022-12-29 16:00:00+00:00,2022-12-29 Thu 11:00,holiday_shift,ok
WPSR,2023-01-05 16:00:00+00:00,2023-01-05 Thu 11:00,holiday_shift,ok
WPSR,2023-01-19 16:00:00+00:00,2023-01-19 Thu 11:00,holiday_shift,ok
WPSR,2023-02-23 16:00:00+00:00,2023-02-23 Thu 11:00,holiday_shift,ok
WPSR,2023-06-01 15:00:00+00:00,2023-06-01 Thu 11:00,holiday_shift,ok
WPSR,2023-06-22 15:00:00+00:00,2023-06-22 Thu 11:00,holiday_shift,ok
WPSR,2023-07-06 15:00:00+00:00,2023-07-06 Thu 11:00,holiday_shift,ok
WPSR,2023-09-07 15:00:00+00:00,2023-09-07 Thu 11:00,holiday_shift,ok
WPSR,2023-10-12 15:00:00+00:00,2023-10-12 Thu 11:00,holiday_shift,ok
WPSR,2023-11-15 15:29:00+00:00,2023-11-15 Wed 10:29,unexplained,diff +10.277
WPSR,2023-12-28 16:00:00+00:00,2023-12-28 Thu 11:00,holiday_shift,ok
WPSR,2024-01-04 16:00:00+00:00,2024-01-04 Thu 11:00,holiday_shift,ok
WPSR,2024-01-18 16:00:00+00:00,2024-01-18 Thu 11:00,holiday_shift,ok
WPSR,2024-02-22 16:00:00+00:00,2024-02-22 Thu 11:00,holiday_shift,ok
WPSR,2024-05-30 15:00:00+00:00,2024-05-30 Thu 11:00,holiday_shift,ok
WPSR,2024-06-20 15:00:00+00:00,2024-06-20 Thu 11:00,holiday_shift,ok
WPSR,2024-09-05 15:00:00+00:00,2024-09-05 Thu 11:00,holiday_shift,ok
WPSR,2024-10-17 15:00:00+00:00,2024-10-17 Thu 11:00,holiday_shift,ok
WPSR,2024-11-14 16:00:00+00:00,2024-11-14 Thu 11:00,holiday_shift,ok
WPSR,2024-12-27 18:00:00+00:00,2024-12-27 Fri 13:00,unexplained,ok
WPSR,2025-01-02 16:00:00+00:00,2025-01-02 Thu 11:00,holiday_shift,ok
WPSR,2025-01-23 17:00:00+00:00,2025-01-23 Thu 12:00,holiday_shift,ok
WPSR,2025-02-20 17:00:00+00:00,2025-02-20 Thu 12:00,holiday_shift,ok
WPSR,2025-02-26 15:00:00+00:00,2025-02-26 Wed 10:00,unexplained,ok
WPSR,2025-03-12 13:30:00+00:00,2025-03-12 Wed 09:30,unexplained,ok
WPSR,2025-03-19 13:30:00+00:00,2025-03-19 Wed 09:30,unexplained,ok
WPSR,2025-05-29 16:00:00+00:00,2025-05-29 Thu 12:00,holiday_shift,ok
WPSR,2025-09-04 16:00:00+00:00,2025-09-04 Thu 12:00,holiday_shift,ok
WPSR,2025-10-16 16:00:00+00:00,2025-10-16 Thu 12:00,holiday_shift,ok
WPSR,2025-11-13 17:00:00+00:00,2025-11-13 Thu 12:00,holiday_shift,ok
WPSR,2025-12-29 22:00:00+00:00,2025-12-29 Mon 17:00,unexplained,diff +2.339
WPSR,2026-01-22 17:00:00+00:00,2026-01-22 Thu 12:00,holiday_shift,ok
WPSR,2026-02-19 17:00:00+00:00,2026-02-19 Thu 12:00,holiday_shift,ok
WPSR,2026-05-28 16:00:00+00:00,2026-05-28 Thu 12:00,holiday_shift,ok
WPSR,2026-09-10 16:00:00+00:00,2026-09-10 Thu 12:00,holiday_shift,ok
WNGSR,2001-08-01 09:00:00+00:00,2001-08-01 Wed 05:00,unexplained,no_eia_row
WNGSR,2001-09-01 09:00:00+00:00,2001-09-01 Sat 05:00,unexplained,no_eia_row
WNGSR,2001-10-01 09:00:00+00:00,2001-10-01 Mon 05:00,unexplained,no_eia_row
WNGSR,2001-11-01 09:00:00+00:00,2001-11-01 Thu 04:00,unexplained,no_eia_row
WNGSR,2001-12-01 09:00:00+00:00,2001-12-01 Sat 04:00,unexplained,no_eia_row
WNGSR,2002-01-01 09:00:00+00:00,2002-01-01 Tue 04:00,unexplained,no_eia_row
WNGSR,2002-02-01 09:00:00+00:00,2002-02-01 Fri 04:00,unexplained,no_eia_row
WNGSR,2002-03-01 09:00:00+00:00,2002-03-01 Fri 04:00,unexplained,no_eia_row
WNGSR,2002-04-01 09:00:00+00:00,2002-04-01 Mon 04:00,unexplained,no_eia_row
WNGSR,2002-05-01 09:00:00+00:00,2002-05-01 Wed 05:00,unexplained,no_eia_row
WNGSR,2002-06-01 09:00:00+00:00,2002-06-01 Sat 05:00,unexplained,no_eia_row
WNGSR,2002-07-01 09:00:00+00:00,2002-07-01 Mon 05:00,unexplained,no_eia_row
WNGSR,2002-08-01 09:00:00+00:00,2002-08-01 Thu 05:00,unexplained,no_eia_row
WNGSR,2002-09-01 09:00:00+00:00,2002-09-01 Sun 05:00,unexplained,no_eia_row
WNGSR,2002-10-01 09:00:00+00:00,2002-10-01 Tue 05:00,unexplained,no_eia_row
WNGSR,2002-11-01 09:00:00+00:00,2002-11-01 Fri 04:00,unexplained,no_eia_row
WNGSR,2002-12-01 09:00:00+00:00,2002-12-01 Sun 04:00,unexplained,no_eia_row
WNGSR,2003-01-01 09:00:00+00:00,2003-01-01 Wed 04:00,unexplained,no_eia_row
WNGSR,2003-02-01 09:00:00+00:00,2003-02-01 Sat 04:00,unexplained,no_eia_row
WNGSR,2003-03-01 09:00:00+00:00,2003-03-01 Sat 04:00,unexplained,no_eia_row
WNGSR,2003-04-01 09:00:00+00:00,2003-04-01 Tue 04:00,unexplained,no_eia_row
WNGSR,2003-05-01 09:00:00+00:00,2003-05-01 Thu 05:00,unexplained,no_eia_row
WNGSR,2003-06-01 09:00:00+00:00,2003-06-01 Sun 05:00,unexplained,no_eia_row
WNGSR,2003-07-01 09:00:00+00:00,2003-07-01 Tue 05:00,unexplained,no_eia_row
WNGSR,2003-08-01 09:00:00+00:00,2003-08-01 Fri 05:00,unexplained,no_eia_row
WNGSR,2003-09-01 09:00:00+00:00,2003-09-01 Mon 05:00,unexplained,no_eia_row
WNGSR,2003-10-01 09:00:00+00:00,2003-10-01 Wed 05:00,unexplained,no_eia_row
WNGSR,2003-11-01 09:00:00+00:00,2003-11-01 Sat 04:00,unexplained,no_eia_row
WNGSR,2003-12-01 09:00:00+00:00,2003-12-01 Mon 04:00,unexplained,no_eia_row
WNGSR,2004-01-01 09:00:00+00:00,2004-01-01 Thu 04:00,unexplained,no_eia_row
WNGSR,2004-02-01 09:00:00+00:00,2004-02-01 Sun 04:00,unexplained,no_eia_row
WNGSR,2004-03-01 09:00:00+00:00,2004-03-01 Mon 04:00,unexplained,no_eia_row
WNGSR,2004-04-01 09:00:00+00:00,2004-04-01 Thu 04:00,unexplained,no_eia_row
WNGSR,2004-05-01 09:00:00+00:00,2004-05-01 Sat 05:00,unexplained,no_eia_row
WNGSR,2004-06-01 09:00:00+00:00,2004-06-01 Tue 05:00,unexplained,no_eia_row
WNGSR,2004-07-01 09:00:00+00:00,2004-07-01 Thu 05:00,unexplained,no_eia_row
WNGSR,2004-08-01 09:00:00+00:00,2004-08-01 Sun 05:00,unexplained,no_eia_row
WNGSR,2004-09-01 09:00:00+00:00,2004-09-01 Wed 05:00,unexplained,no_eia_row
WNGSR,2004-10-01 09:00:00+00:00,2004-10-01 Fri 05:00,unexplained,no_eia_row
WNGSR,2004-11-01 09:00:00+00:00,2004-11-01 Mon 04:00,unexplained,no_eia_row
WNGSR,2004-12-01 09:00:00+00:00,2004-12-01 Wed 04:00,unexplained,no_eia_row
WNGSR,2005-01-01 09:00:00+00:00,2005-01-01 Sat 04:00,unexplained,no_eia_row
WNGSR,2005-02-01 09:00:00+00:00,2005-02-01 Tue 04:00,unexplained,no_eia_row
WNGSR,2005-03-01 09:00:00+00:00,2005-03-01 Tue 04:00,unexplained,no_eia_row
WNGSR,2005-04-01 09:00:00+00:00,2005-04-01 Fri 04:00,unexplained,no_eia_row
WNGSR,2005-05-01 09:00:00+00:00,2005-05-01 Sun 05:00,unexplained,no_eia_row
WNGSR,2005-06-01 09:00:00+00:00,2005-06-01 Wed 05:00,unexplained,no_eia_row
WNGSR,2005-07-01 09:00:00+00:00,2005-07-01 Fri 05:00,unexplained,no_eia_row
WNGSR,2005-08-01 09:00:00+00:00,2005-08-01 Mon 05:00,unexplained,no_eia_row
WNGSR,2005-09-01 09:00:00+00:00,2005-09-01 Thu 05:00,unexplained,no_eia_row
WNGSR,2005-10-01 09:00:00+00:00,2005-10-01 Sat 05:00,unexplained,no_eia_row
WNGSR,2005-11-01 09:00:00+00:00,2005-11-01 Tue 04:00,unexplained,no_eia_row
WNGSR,2005-12-01 09:00:00+00:00,2005-12-01 Thu 04:00,unexplained,no_eia_row
WNGSR,2006-01-01 09:00:00+00:00,2006-01-01 Sun 04:00,unexplained,no_eia_row
WNGSR,2006-02-01 09:00:00+00:00,2006-02-01 Wed 04:00,unexplained,no_eia_row
WNGSR,2006-03-01 09:00:00+00:00,2006-03-01 Wed 04:00,unexplained,no_eia_row
WNGSR,2006-04-01 09:00:00+00:00,2006-04-01 Sat 04:00,unexplained,no_eia_row
WNGSR,2006-05-01 09:00:00+00:00,2006-05-01 Mon 05:00,unexplained,no_eia_row
WNGSR,2006-06-01 09:00:00+00:00,2006-06-01 Thu 05:00,unexplained,no_eia_row
WNGSR,2006-07-01 09:00:00+00:00,2006-07-01 Sat 05:00,unexplained,no_eia_row
WNGSR,2006-08-01 09:00:00+00:00,2006-08-01 Tue 05:00,unexplained,no_eia_row
WNGSR,2006-09-01 09:00:00+00:00,2006-09-01 Fri 05:00,unexplained,no_eia_row
WNGSR,2006-10-01 09:00:00+00:00,2006-10-01 Sun 05:00,unexplained,no_eia_row
WNGSR,2006-11-01 09:00:00+00:00,2006-11-01 Wed 04:00,unexplained,no_eia_row
WNGSR,2006-12-01 09:00:00+00:00,2006-12-01 Fri 04:00,unexplained,no_eia_row
WNGSR,2007-01-01 09:00:00+00:00,2007-01-01 Mon 04:00,unexplained,no_eia_row
WNGSR,2007-02-01 09:00:00+00:00,2007-02-01 Thu 04:00,unexplained,no_eia_row
WNGSR,2007-03-01 09:00:00+00:00,2007-03-01 Thu 04:00,unexplained,no_eia_row
WNGSR,2007-04-01 09:00:00+00:00,2007-04-01 Sun 05:00,unexplained,no_eia_row
WNGSR,2007-05-01 09:00:00+00:00,2007-05-01 Tue 05:00,unexplained,no_eia_row
WNGSR,2007-06-01 09:00:00+00:00,2007-06-01 Fri 05:00,unexplained,no_eia_row
WNGSR,2007-07-01 09:00:00+00:00,2007-07-01 Sun 05:00,unexplained,no_eia_row
WNGSR,2007-08-01 09:00:00+00:00,2007-08-01 Wed 05:00,unexplained,no_eia_row
WNGSR,2007-09-01 09:00:00+00:00,2007-09-01 Sat 05:00,unexplained,no_eia_row
WNGSR,2007-10-01 09:00:00+00:00,2007-10-01 Mon 05:00,unexplained,no_eia_row
WNGSR,2007-11-01 09:00:00+00:00,2007-11-01 Thu 05:00,unexplained,no_eia_row
WNGSR,2007-12-01 09:00:00+00:00,2007-12-01 Sat 04:00,unexplained,no_eia_row
WNGSR,2008-01-01 09:00:00+00:00,2008-01-01 Tue 04:00,unexplained,no_eia_row
WNGSR,2008-02-01 09:00:00+00:00,2008-02-01 Fri 04:00,unexplained,no_eia_row
WNGSR,2008-03-01 09:00:00+00:00,2008-03-01 Sat 04:00,unexplained,no_eia_row
WNGSR,2008-04-01 09:00:00+00:00,2008-04-01 Tue 05:00,unexplained,no_eia_row
WNGSR,2008-05-01 09:00:00+00:00,2008-05-01 Thu 05:00,unexplained,no_eia_row
WNGSR,2008-06-01 09:00:00+00:00,2008-06-01 Sun 05:00,unexplained,no_eia_row
WNGSR,2008-07-01 09:00:00+00:00,2008-07-01 Tue 05:00,unexplained,no_eia_row
WNGSR,2008-08-01 09:00:00+00:00,2008-08-01 Fri 05:00,unexplained,no_eia_row
WNGSR,2008-09-01 09:00:00+00:00,2008-09-01 Mon 05:00,unexplained,no_eia_row
WNGSR,2008-10-01 09:00:00+00:00,2008-10-01 Wed 05:00,unexplained,no_eia_row
WNGSR,2008-11-01 09:00:00+00:00,2008-11-01 Sat 05:00,unexplained,no_eia_row
WNGSR,2008-12-01 09:00:00+00:00,2008-12-01 Mon 04:00,unexplained,no_eia_row
WNGSR,2009-01-01 09:00:00+00:00,2009-01-01 Thu 04:00,unexplained,no_eia_row
WNGSR,2009-02-01 09:00:00+00:00,2009-02-01 Sun 04:00,unexplained,no_eia_row
WNGSR,2009-03-01 09:00:00+00:00,2009-03-01 Sun 04:00,unexplained,no_eia_row
WNGSR,2009-04-01 09:00:00+00:00,2009-04-01 Wed 05:00,unexplained,no_eia_row
WNGSR,2009-11-13 15:30:00+00:00,2009-11-13 Fri 10:30,holiday_shift,no_eia_row
WNGSR,2009-11-25 17:00:00+00:00,2009-11-25 Wed 12:00,holiday_shift,no_eia_row
WNGSR,2010-01-14 15:30:00+00:00,2010-01-14 Thu 10:30,ok,diff +1.000
WNGSR,2010-01-21 15:30:00+00:00,2010-01-21 Thu 10:30,ok,diff -2.000
WNGSR,2010-02-12 15:30:00+00:00,2010-02-12 Fri 10:30,unexplained,diff +1.000
WNGSR,2010-02-18 15:30:00+00:00,2010-02-18 Thu 10:30,ok,diff -2.000
WNGSR,2010-02-25 15:30:00+00:00,2010-02-25 Thu 10:30,ok,diff +1.000
WNGSR,2010-03-04 15:30:00+00:00,2010-03-04 Thu 10:30,ok,diff -1.000
WNGSR,2010-03-18 14:30:00+00:00,2010-03-18 Thu 10:30,ok,diff +2.000
WNGSR,2010-03-25 14:30:00+00:00,2010-03-25 Thu 10:30,ok,diff -1.000
WNGSR,2010-04-08 14:30:00+00:00,2010-04-08 Thu 10:30,ok,diff -1.000
WNGSR,2010-04-15 14:30:00+00:00,2010-04-15 Thu 10:30,ok,diff +3.000
WNGSR,2010-04-22 14:30:00+00:00,2010-04-22 Thu 10:30,ok,diff -1.000
WNGSR,2010-04-29 14:30:00+00:00,2010-04-29 Thu 10:30,ok,diff -1.000
WNGSR,2010-05-06 14:30:00+00:00,2010-05-06 Thu 10:30,ok,diff +1.000
WNGSR,2010-05-13 14:30:00+00:00,2010-05-13 Thu 10:30,ok,diff -3.000
WNGSR,2010-05-20 14:30:00+00:00,2010-05-20 Thu 10:30,ok,diff +2.000
WNGSR,2010-05-27 14:30:00+00:00,2010-05-27 Thu 10:30,ok,diff +1.000
WNGSR,2010-06-03 14:30:00+00:00,2010-06-03 Thu 10:30,ok,diff -1.000
WNGSR,2010-06-17 14:30:00+00:00,2010-06-17 Thu 10:30,ok,diff +1.000
WNGSR,2010-06-24 14:30:00+00:00,2010-06-24 Thu 10:30,ok,diff -2.000
WNGSR,2010-07-01 14:30:00+00:00,2010-07-01 Thu 10:30,ok,diff +1.000
WNGSR,2010-07-08 14:30:00+00:00,2010-07-08 Thu 10:30,ok,diff +1.000
WNGSR,2010-07-15 14:30:00+00:00,2010-07-15 Thu 10:30,ok,diff -2.000
WNGSR,2010-07-22 14:30:00+00:00,2010-07-22 Thu 10:30,ok,diff -1.000
WNGSR,2010-07-29 14:30:00+00:00,2010-07-29 Thu 10:30,ok,diff +2.000
WNGSR,2010-08-05 14:30:00+00:00,2010-08-05 Thu 10:30,ok,diff +1.000
WNGSR,2010-08-19 14:30:00+00:00,2010-08-19 Thu 10:30,ok,diff -2.000
WNGSR,2010-08-26 14:30:00+00:00,2010-08-26 Thu 10:30,ok,diff -1.000
WNGSR,2010-09-02 14:30:00+00:00,2010-09-02 Thu 10:30,ok,diff +3.000
WNGSR,2010-09-16 14:30:00+00:00,2010-09-16 Thu 10:30,ok,diff -1.000
WNGSR,2010-09-23 14:30:00+00:00,2010-09-23 Thu 10:30,ok,diff -1.000
WNGSR,2010-10-07 14:30:00+00:00,2010-10-07 Thu 10:30,ok,diff +1.000
WNGSR,2010-11-10 17:00:00+00:00,2010-11-10 Wed 12:00,holiday_shift,ok
WNGSR,2010-11-18 15:30:00+00:00,2010-11-18 Thu 10:30,ok,diff +9.000
WNGSR,2010-11-24 17:00:00+00:00,2010-11-24 Wed 12:00,holiday_shift,ok
WNGSR,2010-12-09 15:30:00+00:00,2010-12-09 Thu 10:30,ok,diff -1.000
WNGSR,2010-12-30 15:30:00+00:00,2010-12-30 Thu 10:30,ok,diff +1.000
WNGSR,2011-01-13 15:30:00+00:00,2011-01-13 Thu 10:30,ok,diff -1.000
WNGSR,2011-01-20 15:30:00+00:00,2011-01-20 Thu 10:30,ok,diff +1.000
WNGSR,2011-01-27 15:30:00+00:00,2011-01-27 Thu 10:30,ok,diff -1.000
WNGSR,2011-02-03 15:30:00+00:00,2011-02-03 Thu 10:30,ok,diff -1.000
WNGSR,2011-02-10 15:30:00+00:00,2011-02-10 Thu 10:30,ok,diff +2.000
WNGSR,2011-02-17 15:30:00+00:00,2011-02-17 Thu 10:30,ok,diff +1.000
WNGSR,2011-02-24 15:30:00+00:00,2011-02-24 Thu 10:30,ok,diff -2.000
WNGSR,2011-03-03 15:30:00+00:00,2011-03-03 Thu 10:30,ok,diff +1.000
WNGSR,2011-03-10 15:30:00+00:00,2011-03-10 Thu 10:30,ok,diff +2.000
WNGSR,2011-03-24 14:30:00+00:00,2011-03-24 Thu 10:30,ok,diff -1.000
WNGSR,2011-03-31 14:30:00+00:00,2011-03-31 Thu 10:30,ok,diff +1.000
WNGSR,2011-04-07 14:30:00+00:00,2011-04-07 Thu 10:30,ok,diff -1.000
WNGSR,2011-04-21 14:30:00+00:00,2011-04-21 Thu 10:30,ok,diff -1.000
WNGSR,2011-05-26 14:30:00+00:00,2011-05-26 Thu 10:30,ok,diff +1.000
WNGSR,2011-06-02 14:30:00+00:00,2011-06-02 Thu 10:30,ok,diff -1.000
WNGSR,2011-06-09 14:30:00+00:00,2011-06-09 Thu 10:30,ok,diff -1.000
WNGSR,2011-06-23 14:30:00+00:00,2011-06-23 Thu 10:30,ok,diff +1.000
WNGSR,2011-07-07 14:30:00+00:00,2011-07-07 Thu 10:30,ok,diff +1.000
WNGSR,2011-07-14 14:30:00+00:00,2011-07-14 Thu 10:30,ok,diff -1.000
WNGSR,2011-08-04 14:30:00+00:00,2011-08-04 Thu 10:30,ok,diff -1.000
WNGSR,2011-08-11 14:30:00+00:00,2011-08-11 Thu 10:30,ok,diff +1.000
WNGSR,2011-09-01 14:30:00+00:00,2011-09-01 Thu 10:30,ok,diff +1.000
WNGSR,2011-09-08 14:30:00+00:00,2011-09-08 Thu 10:30,ok,diff -1.000
WNGSR,2011-09-15 14:30:00+00:00,2011-09-15 Thu 10:30,ok,diff +2.000
WNGSR,2011-09-22 14:30:00+00:00,2011-09-22 Thu 10:30,ok,diff -2.000
WNGSR,2011-09-29 14:30:00+00:00,2011-09-29 Thu 10:30,ok,diff +1.000
WNGSR,2011-10-13 14:30:00+00:00,2011-10-13 Thu 10:30,ok,diff -1.000
WNGSR,2011-10-27 14:30:00+00:00,2011-10-27 Thu 10:30,ok,diff -1.000
WNGSR,2011-11-03 14:30:00+00:00,2011-11-03 Thu 10:30,ok,diff +2.000
WNGSR,2011-11-17 15:30:00+00:00,2011-11-17 Thu 10:30,ok,diff +5.000
WNGSR,2011-11-23 17:00:00+00:00,2011-11-23 Wed 12:00,holiday_shift,ok
WNGSR,2011-12-01 15:30:00+00:00,2011-12-01 Thu 10:30,ok,diff +2.000
WNGSR,2011-12-15 15:30:00+00:00,2011-12-15 Thu 10:30,ok,diff -1.000
WNGSR,2011-12-22 15:30:00+00:00,2011-12-22 Thu 10:30,ok,diff +1.000
WNGSR,2011-12-29 15:30:00+00:00,2011-12-29 Thu 10:30,ok,diff -1.000
WNGSR,2012-01-05 15:30:00+00:00,2012-01-05 Thu 10:30,ok,diff +1.000
WNGSR,2012-01-12 15:30:00+00:00,2012-01-12 Thu 10:30,ok,diff -1.000
WNGSR,2012-03-29 14:30:00+00:00,2012-03-29 Thu 10:30,ok,diff +8.000
WNGSR,2012-04-05 14:30:00+00:00,2012-04-05 Thu 10:30,ok,diff -1.000
WNGSR,2012-04-12 14:30:00+00:00,2012-04-12 Thu 10:30,ok,diff +2.000
WNGSR,2012-04-26 14:30:00+00:00,2012-04-26 Thu 10:30,ok,diff +4.000
WNGSR,2012-05-03 14:30:00+00:00,2012-05-03 Thu 10:30,ok,diff -2.000
WNGSR,2012-07-06 14:30:00+00:00,2012-07-06 Fri 10:30,holiday_shift,ok
WNGSR,2012-07-26 14:30:00+00:00,2012-07-26 Thu 10:30,ok,diff -1.000
WNGSR,2012-08-02 14:30:00+00:00,2012-08-02 Thu 10:30,ok,diff +1.000
WNGSR,2012-08-09 14:30:00+00:00,2012-08-09 Thu 10:30,ok,diff +1.000
WNGSR,2012-08-16 14:30:00+00:00,2012-08-16 Thu 10:30,ok,diff -1.000
WNGSR,2012-10-04 14:30:00+00:00,2012-10-04 Thu 10:30,ok,diff -1.000
WNGSR,2012-10-18 14:30:00+00:00,2012-10-18 Thu 10:30,ok,diff +1.000
WNGSR,2012-11-01 14:30:00+00:00,2012-11-01 Thu 10:30,ok,diff +1.000
WNGSR,2012-11-21 17:00:00+00:00,2012-11-21 Wed 12:00,holiday_shift,diff -1.000
WNGSR,2012-11-29 15:30:00+00:00,2012-11-29 Thu 10:30,ok,diff +1.000
WNGSR,2012-12-06 15:30:00+00:00,2012-12-06 Thu 10:30,ok,diff -1.000
WNGSR,2012-12-28 15:30:00+00:00,2012-12-28 Fri 10:30,holiday_shift,diff -1.000
WNGSR,2013-01-04 15:30:00+00:00,2013-01-04 Fri 10:30,holiday_shift,diff +1.000
WNGSR,2013-01-17 15:30:00+00:00,2013-01-17 Thu 10:30,ok,diff +1.000
WNGSR,2013-01-24 15:30:00+00:00,2013-01-24 Thu 10:30,ok,diff -1.000
WNGSR,2013-02-14 15:30:00+00:00,2013-02-14 Thu 10:30,ok,diff +1.000
WNGSR,2013-02-21 15:30:00+00:00,2013-02-21 Thu 10:30,ok,diff -1.000
WNGSR,2013-03-07 15:30:00+00:00,2013-03-07 Thu 10:30,ok,diff +1.000
WNGSR,2013-03-14 14:30:00+00:00,2013-03-14 Thu 10:30,ok,diff -1.000
WNGSR,2013-04-11 14:30:00+00:00,2013-04-11 Thu 10:30,ok,diff -1.000
WNGSR,2013-04-25 14:30:00+00:00,2013-04-25 Thu 10:30,ok,diff +1.000
WNGSR,2013-05-02 14:30:00+00:00,2013-05-02 Thu 10:30,ok,diff +1.000
WNGSR,2013-05-09 14:30:00+00:00,2013-05-09 Thu 10:30,ok,diff -2.000
WNGSR,2013-05-16 14:30:00+00:00,2013-05-16 Thu 10:30,ok,diff +1.000
WNGSR,2013-05-23 14:30:00+00:00,2013-05-23 Thu 10:30,ok,diff +1.000
WNGSR,2013-05-30 14:30:00+00:00,2013-05-30 Thu 10:30,ok,diff -2.000
WNGSR,2013-06-06 14:30:00+00:00,2013-06-06 Thu 10:30,ok,diff +1.000
WNGSR,2013-06-20 14:30:00+00:00,2013-06-20 Thu 10:30,ok,diff -1.000
WNGSR,2013-06-27 14:30:00+00:00,2013-06-27 Thu 10:30,ok,diff +1.000
WNGSR,2013-07-03 16:00:00+00:00,2013-07-03 Wed 12:00,holiday_shift,diff -1.000
WNGSR,2013-07-11 14:30:00+00:00,2013-07-11 Thu 10:30,ok,diff +1.000
WNGSR,2013-08-08 14:30:00+00:00,2013-08-08 Thu 10:30,ok,diff +1.000
WNGSR,2013-08-15 14:30:00+00:00,2013-08-15 Thu 10:30,ok,diff -2.000
WNGSR,2013-08-22 14:30:00+00:00,2013-08-22 Thu 10:30,ok,diff +1.000
WNGSR,2013-08-29 14:30:00+00:00,2013-08-29 Thu 10:30,ok,diff -1.000
WNGSR,2013-09-12 14:30:00+00:00,2013-09-12 Thu 10:30,ok,diff +1.000
WNGSR,2013-09-26 14:30:00+00:00,2013-09-26 Thu 10:30,ok,diff +1.000
WNGSR,2013-10-03 14:30:00+00:00,2013-10-03 Thu 10:30,ok,diff -1.000
WNGSR,2013-10-22 14:30:00+00:00,2013-10-22 Tue 10:30,unexplained,diff -9.000
WNGSR,2013-10-24 14:30:00+00:00,2013-10-24 Thu 10:30,ok,diff +1.000
WNGSR,2013-11-07 15:30:00+00:00,2013-11-07 Thu 10:30,ok,diff -2.000
WNGSR,2013-11-14 15:30:00+00:00,2013-11-14 Thu 10:30,ok,diff +2.000
WNGSR,2013-11-27 17:00:00+00:00,2013-11-27 Wed 12:00,holiday_shift,diff +1.000
WNGSR,2013-12-12 15:30:00+00:00,2013-12-12 Thu 10:30,ok,diff -1.000
WNGSR,2013-12-27 15:30:00+00:00,2013-12-27 Fri 10:30,holiday_shift,ok
WNGSR,2014-01-03 15:30:00+00:00,2014-01-03 Fri 10:30,holiday_shift,diff -1.000
WNGSR,2014-01-09 15:30:00+00:00,2014-01-09 Thu 10:30,ok,diff +1.000
WNGSR,2014-01-16 15:30:00+00:00,2014-01-16 Thu 10:30,ok,diff +1.000
WNGSR,2014-01-23 15:30:00+00:00,2014-01-23 Thu 10:30,ok,diff -2.000
WNGSR,2014-01-30 15:30:00+00:00,2014-01-30 Thu 10:30,ok,diff +10.000
WNGSR,2014-02-06 15:30:00+00:00,2014-02-06 Thu 10:30,ok,diff -2.000
WNGSR,2014-02-13 15:30:00+00:00,2014-02-13 Thu 10:30,ok,diff -6.000
WNGSR,2014-02-20 15:30:00+00:00,2014-02-20 Thu 10:30,ok,diff -1.000
WNGSR,2014-02-27 15:30:00+00:00,2014-02-27 Thu 10:30,ok,diff +1.000
WNGSR,2014-03-13 14:30:00+00:00,2014-03-13 Thu 10:30,ok,diff -1.000
WNGSR,2014-03-20 14:30:00+00:00,2014-03-20 Thu 10:30,ok,diff +1.000
WNGSR,2014-03-27 14:30:00+00:00,2014-03-27 Thu 10:30,ok,diff +1.000
WNGSR,2014-04-03 14:30:00+00:00,2014-04-03 Thu 10:30,ok,diff -3.000
WNGSR,2014-04-10 14:30:00+00:00,2014-04-10 Thu 10:30,ok,diff +1.000
WNGSR,2014-04-17 14:30:00+00:00,2014-04-17 Thu 10:30,ok,diff +1.000
WNGSR,2014-05-22 14:30:00+00:00,2014-05-22 Thu 10:30,ok,diff -1.000
WNGSR,2014-05-29 14:30:00+00:00,2014-05-29 Thu 10:30,ok,diff +1.000
WNGSR,2014-06-12 14:30:00+00:00,2014-06-12 Thu 10:30,ok,diff -1.000
WNGSR,2014-06-19 14:30:00+00:00,2014-06-19 Thu 10:30,ok,diff +1.000
WNGSR,2014-07-03 14:30:00+00:00,2014-07-03 Thu 10:30,ok,diff +1.000
WNGSR,2014-07-10 14:30:00+00:00,2014-07-10 Thu 10:30,ok,diff -2.000
WNGSR,2014-07-17 14:30:00+00:00,2014-07-17 Thu 10:30,ok,diff +2.000
WNGSR,2014-07-24 14:30:00+00:00,2014-07-24 Thu 10:30,ok,diff -1.000
WNGSR,2014-08-07 14:30:00+00:00,2014-08-07 Thu 10:30,ok,diff +1.000
WNGSR,2014-08-14 14:30:00+00:00,2014-08-14 Thu 10:30,ok,diff -1.000
WNGSR,2014-08-28 14:30:00+00:00,2014-08-28 Thu 10:30,ok,diff -1.000
WNGSR,2014-09-04 14:30:00+00:00,2014-09-04 Thu 10:30,ok,diff +1.000
WNGSR,2014-09-18 14:30:00+00:00,2014-09-18 Thu 10:30,ok,diff +1.000
WNGSR,2014-09-25 14:30:00+00:00,2014-09-25 Thu 10:30,ok,diff -1.000
WNGSR,2014-10-02 14:30:00+00:00,2014-10-02 Thu 10:30,ok,diff +1.000
WNGSR,2014-10-09 14:30:00+00:00,2014-10-09 Thu 10:30,ok,diff -1.000
WNGSR,2014-10-16 14:30:00+00:00,2014-10-16 Thu 10:30,ok,diff +1.000
WNGSR,2014-10-23 14:30:00+00:00,2014-10-23 Thu 10:30,ok,diff -1.000
WNGSR,2014-11-14 15:30:00+00:00,2014-11-14 Fri 10:30,holiday_shift,ok
WNGSR,2014-11-26 17:00:00+00:00,2014-11-26 Wed 12:00,holiday_shift,ok
WNGSR,2014-12-18 15:30:00+00:00,2014-12-18 Thu 10:30,ok,diff -1.000
WNGSR,2014-12-24 17:00:00+00:00,2014-12-24 Wed 12:00,holiday_shift,diff +1.000
WNGSR,2014-12-31 17:00:00+00:00,2014-12-31 Wed 12:00,holiday_shift,ok
WNGSR,2015-01-15 15:30:00+00:00,2015-01-15 Thu 10:30,ok,diff -1.000
WNGSR,2015-01-22 15:30:00+00:00,2015-01-22 Thu 10:30,ok,diff +1.000
WNGSR,2015-02-19 15:30:00+00:00,2015-02-19 Thu 10:30,ok,diff -1.000
WNGSR,2015-02-26 15:30:00+00:00,2015-02-26 Thu 10:30,ok,diff +1.000
WNGSR,2015-03-05 15:30:00+00:00,2015-03-05 Thu 10:30,ok,diff +1.000
WNGSR,2015-03-19 14:30:00+00:00,2015-03-19 Thu 10:30,ok,diff -2.000
WNGSR,2015-03-26 14:30:00+00:00,2015-03-26 Thu 10:30,ok,diff +1.000
WNGSR,2015-04-23 14:30:00+00:00,2015-04-23 Thu 10:30,ok,diff +1.000
WNGSR,2015-04-30 14:30:00+00:00,2015-04-30 Thu 10:30,ok,diff -2.000
WNGSR,2015-05-07 14:30:00+00:00,2015-05-07 Thu 10:30,ok,diff +2.000
WNGSR,2015-05-14 14:30:00+00:00,2015-05-14 Thu 10:30,ok,diff -1.000
WNGSR,2015-06-25 14:30:00+00:00,2015-06-25 Thu 10:30,ok,diff +2.000
WNGSR,2015-07-02 14:30:00+00:00,2015-07-02 Thu 10:30,ok,diff -4.000
WNGSR,2015-07-09 14:30:00+00:00,2015-07-09 Thu 10:30,ok,diff +4.000
WNGSR,2015-07-16 14:30:00+00:00,2015-07-16 Thu 10:30,ok,diff +1.000
WNGSR,2015-07-23 14:30:00+00:00,2015-07-23 Thu 10:30,ok,diff +2.000
WNGSR,2015-07-30 14:30:00+00:00,2015-07-30 Thu 10:30,ok,diff +3.000
WNGSR,2015-08-06 14:30:00+00:00,2015-08-06 Thu 10:30,ok,diff -6.000
WNGSR,2015-08-20 14:30:00+00:00,2015-08-20 Thu 10:30,ok,diff +1.000
WNGSR,2015-08-27 14:30:00+00:00,2015-08-27 Thu 10:30,ok,diff +2.000
WNGSR,2015-09-03 14:30:00+00:00,2015-09-03 Thu 10:30,ok,diff -2.000
WNGSR,2015-09-10 14:30:00+00:00,2015-09-10 Thu 10:30,ok,diff -4.000
WNGSR,2015-09-17 14:30:00+00:00,2015-09-17 Thu 10:30,ok,diff -1.000
WNGSR,2015-09-24 14:30:00+00:00,2015-09-24 Thu 10:30,ok,diff +1.000
WNGSR,2015-10-01 14:30:00+00:00,2015-10-01 Thu 10:30,ok,diff +2.000
WNGSR,2015-10-08 14:30:00+00:00,2015-10-08 Thu 10:30,ok,diff -2.000
WNGSR,2015-10-15 14:30:00+00:00,2015-10-15 Thu 10:30,ok,diff +3.000
WNGSR,2015-10-22 14:30:00+00:00,2015-10-22 Thu 10:30,ok,diff -1.000
WNGSR,2015-10-29 14:30:00+00:00,2015-10-29 Thu 10:30,ok,diff +1.000
WNGSR,2015-11-05 15:30:00+00:00,2015-11-05 Thu 10:30,ok,diff -4.000
WNGSR,2015-11-13 15:30:00+00:00,2015-11-13 Fri 10:30,holiday_shift,diff -5.000
WNGSR,2015-11-25 17:00:00+00:00,2015-11-25 Wed 12:00,holiday_shift,ok
WNGSR,2016-02-18 15:30:00+00:00,2016-02-18 Thu 10:30,ok,diff +5.000
WNGSR,2016-11-23 17:00:00+00:00,2016-11-23 Wed 12:00,holiday_shift,ok
WNGSR,2017-02-09 15:00:00+00:00,2017-02-09 Thu 10:00,unexplained,ok
WNGSR,2017-07-07 14:30:00+00:00,2017-07-07 Fri 10:30,holiday_shift,diff +10.000
WNGSR,2017-07-13 14:30:00+00:00,2017-07-13 Thu 10:30,ok,diff -1.000
WNGSR,2017-07-20 14:30:00+00:00,2017-07-20 Thu 10:30,ok,diff +1.000
WNGSR,2017-08-03 14:30:00+00:00,2017-08-03 Thu 10:30,ok,diff +1.000
WNGSR,2017-08-10 14:30:00+00:00,2017-08-10 Thu 10:30,ok,diff -2.000
WNGSR,2017-10-19 14:30:00+00:00,2017-10-19 Thu 10:30,ok,diff +1.000
WNGSR,2017-10-26 14:30:00+00:00,2017-10-26 Thu 10:30,ok,diff -1.000
WNGSR,2017-11-22 17:00:00+00:00,2017-11-22 Wed 12:00,holiday_shift,ok
WNGSR,2018-06-21 14:30:00+00:00,2018-06-21 Thu 10:30,ok,diff -4.000
WNGSR,2018-07-06 14:30:00+00:00,2018-07-06 Fri 10:30,holiday_shift,ok
WNGSR,2018-07-19 14:30:00+00:00,2018-07-19 Thu 10:30,ok,diff +1.000
WNGSR,2018-08-02 14:30:00+00:00,2018-08-02 Thu 10:30,ok,diff +2.000
WNGSR,2018-08-09 14:30:00+00:00,2018-08-09 Thu 10:30,ok,diff -2.000
WNGSR,2018-08-23 14:30:00+00:00,2018-08-23 Thu 10:30,ok,diff -1.000
WNGSR,2018-08-30 14:30:00+00:00,2018-08-30 Thu 10:30,ok,diff +1.000
WNGSR,2018-11-21 17:00:00+00:00,2018-11-21 Wed 12:00,holiday_shift,ok
WNGSR,2018-12-07 15:30:00+00:00,2018-12-07 Fri 10:30,unexplained,ok
WNGSR,2018-12-28 15:30:00+00:00,2018-12-28 Fri 10:30,holiday_shift,ok
WNGSR,2019-01-04 15:30:00+00:00,2019-01-04 Fri 10:30,holiday_shift,ok
WNGSR,2019-03-14 14:30:00+00:00,2019-03-14 Thu 10:30,ok,diff -4.000
WNGSR,2019-07-03 16:00:00+00:00,2019-07-03 Wed 12:00,holiday_shift,ok
WNGSR,2019-11-27 17:00:00+00:00,2019-11-27 Wed 12:00,holiday_shift,ok
WNGSR,2019-12-27 15:30:00+00:00,2019-12-27 Fri 10:30,holiday_shift,ok
WNGSR,2020-01-03 15:30:00+00:00,2020-01-03 Fri 10:30,holiday_shift,ok
WNGSR,2020-11-13 15:30:00+00:00,2020-11-13 Fri 10:30,holiday_shift,ok
WNGSR,2020-11-25 17:00:00+00:00,2020-11-25 Wed 12:00,holiday_shift,ok
WNGSR,2020-12-23 17:00:00+00:00,2020-12-23 Wed 12:00,holiday_shift,ok
WNGSR,2021-01-22 15:30:00+00:00,2021-01-22 Fri 10:30,holiday_shift,ok
WNGSR,2021-03-25 14:30:00+00:00,2021-03-25 Thu 10:30,ok,diff -4.000
WNGSR,2021-11-10 17:00:00+00:00,2021-11-10 Wed 12:00,holiday_shift,ok
WNGSR,2021-11-24 17:00:00+00:00,2021-11-24 Wed 12:00,holiday_shift,ok
WNGSR,2022-05-26 14:30:00+00:00,2022-05-26 Thu 10:30,ok,diff -7.000
WNGSR,2022-06-02 14:30:00+00:00,2022-06-02 Thu 10:30,ok,diff +8.000
WNGSR,2022-06-09 14:30:00+00:00,2022-06-09 Thu 10:30,ok,diff -5.000
WNGSR,2022-11-23 17:00:00+00:00,2022-11-23 Wed 12:00,holiday_shift,ok
WNGSR,2023-01-26 15:30:00+00:00,2023-01-26 Thu 10:30,ok,diff -5.000
WNGSR,2023-07-07 14:30:00+00:00,2023-07-07 Fri 10:30,holiday_shift,diff -4.000
WNGSR,2023-11-16 15:29:00+00:00,2023-11-16 Thu 10:29,unexplained,diff -66.000
WNGSR,2023-11-22 17:00:00+00:00,2023-11-22 Wed 12:00,holiday_shift,ok
WNGSR,2024-02-15 15:30:00+00:00,2024-02-15 Thu 10:30,ok,diff +5.000
WNGSR,2024-05-09 14:30:00+00:00,2024-05-09 Thu 10:30,ok,diff -6.000
WNGSR,2024-05-16 14:30:00+00:00,2024-05-16 Thu 10:30,ok,diff -1.000
WNGSR,2024-05-23 14:30:00+00:00,2024-05-23 Thu 10:30,ok,diff -1.000
WNGSR,2024-05-30 14:30:00+00:00,2024-05-30 Thu 10:30,ok,diff -1.000
WNGSR,2024-06-06 14:30:00+00:00,2024-06-06 Thu 10:30,ok,diff +2.000
WNGSR,2024-06-21 14:30:00+00:00,2024-06-21 Fri 10:30,holiday_shift,ok
WNGSR,2024-06-27 14:30:00+00:00,2024-06-27 Thu 10:30,ok,diff -5.000
WNGSR,2024-07-03 16:00:00+00:00,2024-07-03 Wed 12:00,holiday_shift,ok
WNGSR,2024-09-26 14:30:00+00:00,2024-09-26 Thu 10:30,ok,diff -1.000
WNGSR,2024-10-24 14:30:00+00:00,2024-10-24 Thu 10:30,ok,diff +1.000
WNGSR,2024-10-31 14:30:00+00:00,2024-10-31 Thu 10:30,ok,diff -1.000
WNGSR,2024-11-07 15:30:00+00:00,2024-11-07 Thu 10:30,ok,diff +2.000
WNGSR,2024-11-14 15:30:00+00:00,2024-11-14 Thu 10:30,ok,diff +1.000
WNGSR,2024-11-27 17:00:00+00:00,2024-11-27 Wed 12:00,holiday_shift,ok
WNGSR,2024-12-27 15:30:00+00:00,2024-12-27 Fri 10:30,holiday_shift,ok
WNGSR,2025-01-03 15:30:00+00:00,2025-01-03 Fri 10:30,holiday_shift,ok
WNGSR,2025-01-08 17:00:00+00:00,2025-01-08 Wed 12:00,unexplained,ok
WNGSR,2025-05-01 18:00:00+00:00,2025-05-01 Thu 14:00,unexplained,ok
WNGSR,2025-06-18 16:00:00+00:00,2025-06-18 Wed 12:00,holiday_shift,ok
WNGSR,2025-09-04 14:30:00+00:00,2025-09-04 Thu 10:30,ok,diff +10.000
WNGSR,2025-09-25 14:30:00+00:00,2025-09-25 Thu 10:30,ok,diff -1.000
WNGSR,2025-10-02 14:30:00+00:00,2025-10-02 Thu 10:30,ok,diff +1.000
WNGSR,2025-10-16 14:30:00+00:00,2025-10-16 Thu 10:30,ok,diff -1.000
WNGSR,2025-10-23 14:30:00+00:00,2025-10-23 Thu 10:30,ok,diff +1.000
WNGSR,2025-11-14 15:30:00+00:00,2025-11-14 Fri 10:30,holiday_shift,ok
WNGSR,2025-11-26 17:00:00+00:00,2025-11-26 Wed 12:00,holiday_shift,diff +1.000
WNGSR,2025-12-04 15:30:00+00:00,2025-12-04 Thu 10:30,ok,diff -1.000
WNGSR,2025-12-11 15:30:00+00:00,2025-12-11 Thu 10:30,ok,diff +1.000
WNGSR,2025-12-18 15:30:00+00:00,2025-12-18 Thu 10:30,ok,diff -1.000
WNGSR,2025-12-31 17:00:00+00:00,2025-12-31 Wed 12:00,holiday_shift,diff -1.000
WNGSR,2026-01-08 15:30:00+00:00,2026-01-08 Thu 10:30,ok,diff +1.000
WNGSR,2026-01-15 15:30:00+00:00,2026-01-15 Thu 10:30,ok,diff -1.000
WNGSR,2026-01-29 15:30:00+00:00,2026-01-29 Thu 10:30,ok,diff -1.000
WNGSR,2026-02-05 15:30:00+00:00,2026-02-05 Thu 10:30,ok,diff -1.000
WNGSR,2026-02-12 15:30:00+00:00,2026-02-12 Thu 10:30,ok,diff +3.000
WNGSR,2026-02-19 15:30:00+00:00,2026-02-19 Thu 10:30,ok,diff -1.000
WNGSR,2026-03-05 15:30:00+00:00,2026-03-05 Thu 10:30,ok,diff -1.000
WNGSR,2026-03-19 14:30:00+00:00,2026-03-19 Thu 10:30,ok,diff +1.000
WNGSR,2026-04-02 14:30:00+00:00,2026-04-02 Thu 10:30,ok,diff +3.000
WNGSR,2026-04-09 14:30:00+00:00,2026-04-09 Thu 10:30,ok,diff +1.000
WNGSR,2026-04-16 14:30:00+00:00,2026-04-16 Thu 10:30,ok,diff -1.000
