release_date,release_time_gmt,actual,forecast,previous,unit,occurrence_id
2024-11-14,16:00,-1.394,1,2.947,M,511508
2024-11-20,15:30,-0.114,-0.2,-1.394,M,511995
2024-11-27,15:30,0.416,,-0.114,M,512337
2024-12-04,15:30,3.383,2,0.416,M,512963
2024-12-11,15:30,3.235,0.9,3.383,M,513240
2024-12-18,15:30,-3.18,0.8,3.235,M,513639
2024-12-27,18:00,-1.694,-0.7,-3.18,M,514134
2025-01-02,16:00,6.406,-0.1,-1.694,M,514555
2025-01-08,15:30,6.071,0.5,6.406,M,514972
2025-01-15,15:30,3.077,-1,6.071,M,515368
2025-01-23,17:00,-3.07,0.6,3.077,M,515951
2025-01-29,15:30,-4.994,-2.75,-3.07,M,516410
2025-02-05,15:30,-5.471,-2.1,-4.994,M,516902
2025-02-12,15:30,0.135,-0.5,-5.471,M,517369
2025-02-20,17:00,-2.051,-1.2,0.135,M,517984
2025-02-26,15:00,3.908,0.03,-2.051,M,518485
2025-03-05,15:30,-1.318,0.87,3.908,M,518920
2025-03-12,13:30,-1.559,-1.4,-1.318,M,519334
2025-03-19,13:30,-2.812,0.18,-1.559,M,519801
2025-03-26,14:30,-0.421,-1.5,-2.812,M,520264
2025-04-02,14:30,0.264,-1.1,-0.421,M,520753
2025-04-09,14:30,-3.544,0.2,0.264,M,521163
2025-04-16,14:30,-1.851,-1.2,-3.544,M,521674
2025-04-23,14:30,-2.353,-0.1,-1.851,M,522075
2025-04-30,14:30,0.937,-1.71,-2.353,M,522588
2025-05-07,14:30,-1.107,-2.7,0.937,M,523062
2025-05-14,14:30,-3.155,0.1,-1.107,M,523503
2025-05-21,14:30,0.579,-1.2,-3.155,M,524017
2025-05-29,16:00,-0.724,1,0.579,M,524592
2025-06-04,14:30,4.23,2.2,-0.724,M,525082
2025-06-11,14:30,1.246,0.6,4.23,M,525378
2025-06-18,14:30,0.514,,1.246,M,525885
2025-06-25,14:30,-4.066,0.7,0.514,M,526332
2025-07-02,14:30,-1.71,-1.65,-4.066,M,526872
2025-07-09,14:30,-0.825,-0.3,-1.71,M,527279
2025-07-16,14:30,4.173,,-0.825,M,527759
2025-07-23,14:30,2.931,-1.1,4.173,M,528198
2025-07-30,14:30,3.635,-0.9,2.931,M,528647
2025-08-06,14:30,-0.565,1,3.635,M,529086
2025-08-13,14:30,0.714,0.35,-0.565,M,529465
2025-08-20,14:30,2.343,0.45,0.714,M,529986
2025-08-27,14:30,-1.786,1.1,2.343,M,530438
2025-09-04,16:00,1.681,-0.3,-1.786,M,530955
2025-09-10,14:30,4.715,0.2,1.681,M,531397
2025-09-17,14:30,4.046,1.1,4.715,M,531824
2025-09-24,14:30,-1.685,-1.5,4.046,M,532226
2025-10-01,14:30,0.578,-1,-1.685,M,532748
2025-10-08,14:30,-2.018,-1.23,0.578,M,533130
2025-10-16,16:00,-4.529,,-2.018,M,533726
2025-10-22,14:30,-1.479,-1.9,-4.529,M,534151
2025-10-29,14:30,-3.362,-1.6,-1.479,M,534507
2025-11-05,15:30,-0.643,-2,-3.362,M,534926
2025-11-13,17:00,-0.637,-2,-0.643,M,535532
2025-11-19,15:30,0.171,-1.2,-0.637,M,536037
2025-11-26,15:30,1.147,0.6,0.171,M,536526
2025-12-03,15:30,2.059,0.7,1.147,M,537088
2025-12-10,15:30,2.502,1.9,2.059,M,537547
2025-12-17,15:30,1.712,1.2,2.502,M,537920
2025-12-29,22:00,0.202,0.4,1.712,M,538988
2025-12-31,15:30,4.977,2,0.202,M,538541
2026-01-07,15:30,5.594,2.2,4.977,M,539294
2026-01-14,15:30,-0.029,-0.2,5.594,M,539705
2026-01-22,17:00,3.348,-0.2,-0.029,M,540368
2026-01-28,15:30,0.329,-0.55,3.348,M,540817
2026-02-04,15:30,-5.553,,0.329,M,541195
2026-02-11,15:30,-2.703,-1.3,-5.553,M,541696
2026-02-19,17:00,-4.566,-1.4,-2.703,M,542335
2026-02-25,15:30,0.252,,-4.566,M,542874
2026-03-04,15:30,0.429,-2.6,0.252,M,543288
2026-03-11,14:30,-1.349,-0.7,0.429,M,543709
2026-03-18,14:30,-2.527,-1.5,-1.349,M,544205
2026-03-25,14:30,3.032,-1.3,-2.527,M,544626
2026-04-01,14:30,-2.111,-0.6,3.032,M,545142
2026-04-08,14:30,-3.144,-1.5,-2.111,M,545567
2026-04-15,14:30,-3.122,-2.4,-3.144,M,546041
2026-04-22,14:30,-3.427,-2.5,-3.122,M,546463
2026-04-29,14:30,-4.494,-2.2,-3.427,M,546976
2026-05-06,14:30,-1.294,-2,-4.494,M,547451
2026-05-13,14:30,0.19,-2.83,-1.294,M,547888
2026-05-20,14:30,0.372,-1.1,0.19,M,548549
2026-05-28,16:00,-2.107,-1,0.372,M,550183
2026-06-03,14:30,1.502,-0.3,-2.107,M,550634
2026-06-10,14:30,-0.2,-0.5,1.502,M,550986
2026-06-17,14:30,0.951,-0.5,-0.2,M,551495
2026-06-24,14:30,3.064,-0.5,0.951,M,551899
2026-07-01,14:30,2.483,-0.7,3.064,M,552373
2026-07-08,14:30,-4.98,0.6,2.483,M,552778
2026-07-15,14:30,4.556,0.1,-4.98,M,553182
2026-07-22,14:30,1.395,0.83,4.556,M,553643
2026-07-29,14:30,1.062,0.2,1.395,M,554132
2026-08-05,14:30,-3.473,0.2,1.062,M,554560
2026-08-12,14:30,-0.01,-1.3,-3.473,M,554922
2026-08-19,14:30,-1.53,-0.9,-0.01,M,555438
2026-08-26,14:30,-2.228,-1.6,-1.53,M,555864
2026-09-02,14:30,0.796,-1.3,-2.228,M,556366
2026-09-10,16:00,2.087,-0.7,0.796,M,556793
2026-09-16,14:30,1.585,0.1,2.087,M,557317
2026-09-23,14:30,-0.428,-0.6,1.585,M,557647
2026-09-30,14:30,-2.251,-0.2,-0.428,M,558111
