release_utc,release_date_shown,time_shown_ist,actual,forecast,previous
2026-10-07T14:30Z,2026-10-07,20:00,,,-1.684M
2026-09-30T14:30Z,2026-09-30,20:00,-1.684M,-0.500M,-1.686M
2026-09-23T14:30Z,2026-09-23,20:00,-1.686M,0.100M,0.794M
2026-09-16T14:30Z,2026-09-16,20:00,0.794M,-1.000M,1.269M
2026-09-10T16:00Z,2026-09-10,21:30,1.269M,-1.400M,-1.173M
2026-09-02T14:30Z,2026-09-02,20:00,-1.173M,-1.900M,-2.536M
2026-08-26T14:30Z,2026-08-26,20:00,-2.536M,-0.700M,0.688M
2026-08-19T14:30Z,2026-08-19,20:00,0.688M,-1.200M,-0.968M
2026-08-12T14:30Z,2026-08-12,20:00,-0.968M,-1.200M,-1.643M
2026-08-05T14:30Z,2026-08-05,20:00,-1.643M,-1.300M,0.007M
2026-07-29T14:30Z,2026-07-29,20:00,0.007M,0.700M,0.765M
2026-07-22T14:30Z,2026-07-22,20:00,0.765M,-1.540M,-1.533M
2026-07-15T14:30Z,2026-07-15,20:00,-1.533M,-0.800M,-1.904M
2026-07-08T14:30Z,2026-07-08,20:00,-1.904M,-1.600M,-2.333M
2026-07-01T14:30Z,2026-07-01,20:00,-2.333M,-0.950M,2.064M
2026-06-24T14:30Z,2026-06-24,20:00,2.064M,-0.600M,-0.906M
2026-06-17T14:30Z,2026-06-17,20:00,-0.906M,-1.000M,0.186M
2026-06-10T14:30Z,2026-06-10,20:00,0.186M,-0.500M,3.364M
2026-06-03T14:30Z,2026-06-03,20:00,3.364M,-0.500M,-2.572M
2026-05-28T16:00Z,2026-05-28,21:30,-2.572M,-2.400M,-1.548M
2026-05-20T14:30Z,2026-05-20,20:00,-1.548M,-2.100M,-4.084M
2026-05-13T14:30Z,2026-05-13,20:00,-4.084M,-2.850M,-2.504M
2026-05-06T14:30Z,2026-05-06,20:00,-2.504M,-1.700M,-6.075M
2026-04-29T14:30Z,2026-04-29,20:00,-6.075M,-2.100M,-4.570M
2026-04-22T14:30Z,2026-04-22,20:00,-4.570M,-1.500M,-6.328M
2026-04-15T14:30Z,2026-04-15,20:00,-6.328M,-2.100M,-1.589M
2026-04-08T14:30Z,2026-04-08,20:00,-1.589M,-1.400M,-0.586M
2026-04-01T14:30Z,2026-04-01,20:00,-0.586M,-1.900M,-2.593M
2026-03-25T14:30Z,2026-03-25,20:00,-2.593M,-2.100M,-5.436M
2026-03-18T14:30Z,2026-03-18,20:00,-5.436M,-1.600M,-3.654M
2026-03-11T14:30Z,2026-03-11,20:00,-3.654M,-2.600M,-1.704M
2026-03-04T15:30Z,2026-03-04,21:00,-1.704M,-1.000M,-1.011M
2026-02-25T15:30Z,2026-02-25,21:00,-1.011M,,-3.213M
2026-02-19T17:00Z,2026-02-19,22:30,-3.213M,-0.300M,1.160M
2026-02-11T15:30Z,2026-02-11,21:00,1.160M,-0.400M,0.685M
2026-02-04T15:30Z,2026-02-04,21:00,0.685M,,0.223M
2026-01-28T15:30Z,2026-01-28,21:00,0.223M,1.300M,5.977M
2026-01-22T17:00Z,2026-01-22,22:30,5.977M,1.700M,8.977M
2026-01-14T15:30Z,2026-01-14,21:00,8.977M,4.000M,7.702M
2026-01-07T15:30Z,2026-01-07,21:00,7.702M,2.900M,5.845M
2025-12-31T15:30Z,2025-12-31,21:00,5.845M,2.000M,2.862M
2025-12-29T22:00Z,2025-12-30,03:30,2.862M,1.100M,4.808M
2025-12-17T15:30Z,2025-12-17,21:00,4.808M,2.100M,6.397M
2025-12-10T15:30Z,2025-12-10,21:00,6.397M,2.800M,4.518M
2025-12-03T15:30Z,2025-12-03,21:00,4.518M,1.500M,2.513M
2025-11-26T15:30Z,2025-11-26,21:00,2.513M,0.700M,2.327M
2025-11-19T15:30Z,2025-11-19,21:00,2.327M,-0.200M,-0.945M
2025-11-13T17:00Z,2025-11-13,22:30,-0.945M,-1.900M,-4.729M
2025-11-05T15:30Z,2025-11-05,21:00,-4.729M,-1.100M,-5.941M
2025-10-29T14:30Z,2025-10-29,20:00,-5.941M,-1.900M,-2.147M
2025-10-22T14:30Z,2025-10-22,20:00,-2.147M,-0.950M,-0.267M
2025-10-16T16:00Z,2025-10-16,21:30,-0.267M,,-1.601M
2025-10-08T14:30Z,2025-10-08,20:00,-1.601M,-1.050M,4.125M
2025-10-01T14:30Z,2025-10-01,20:00,4.125M,0.500M,-1.081M
2025-09-24T14:30Z,2025-09-24,20:00,-1.081M,0.400M,-2.347M
2025-09-17T14:30Z,2025-09-17,20:00,-2.347M,-0.700M,1.458M
2025-09-10T14:30Z,2025-09-10,20:00,1.458M,-0.100M,-3.795M
2025-09-04T16:00Z,2025-09-04,21:30,-3.795M,-1.000M,-1.236M
2025-08-27T14:30Z,2025-08-27,20:00,-1.236M,-2.500M,-2.720M
2025-08-20T14:30Z,2025-08-20,20:00,-2.720M,-0.800M,-0.792M
2025-08-13T14:30Z,2025-08-13,20:00,-0.792M,-1.000M,-1.323M
2025-08-06T14:30Z,2025-08-06,20:00,-1.323M,-1.000M,-2.724M
2025-07-30T14:30Z,2025-07-30,20:00,-2.724M,-1.100M,-1.738M
2025-07-23T14:30Z,2025-07-23,20:00,-1.738M,-0.900M,3.399M
2025-07-16T14:30Z,2025-07-16,20:00,3.399M,-0.900M,-2.658M
2025-07-09T14:30Z,2025-07-09,20:00,-2.658M,-1.700M,4.188M
2025-07-02T14:30Z,2025-07-02,20:00,4.188M,0.660M,-2.075M
2025-06-25T14:30Z,2025-06-25,20:00,-2.075M,-0.500M,0.209M
2025-06-18T14:30Z,2025-06-18,20:00,0.209M,,1.504M
2025-06-11T14:30Z,2025-06-11,20:00,1.504M,1.100M,5.219M
2025-06-04T14:30Z,2025-06-04,20:00,5.219M,1.500M,-2.441M
2025-05-29T16:00Z,2025-05-29,21:30,-2.441M,0.100M,0.816M
2025-05-21T14:30Z,2025-05-21,20:00,0.816M,-1.760M,-1.022M
2025-05-14T14:30Z,2025-05-14,20:00,-1.022M,-0.600M,0.188M
2025-05-07T14:30Z,2025-05-07,20:00,0.188M,-1.500M,-4.003M
2025-04-30T14:30Z,2025-04-30,20:00,-4.003M,-1.080M,-4.476M
2025-04-23T14:30Z,2025-04-23,20:00,-4.476M,-1.150M,-1.958M
2025-04-16T14:30Z,2025-04-16,20:00,-1.958M,-1.600M,-1.600M
2025-04-09T14:30Z,2025-04-09,20:00,-1.600M,-1.700M,-1.551M
2025-04-02T14:30Z,2025-04-02,20:00,-1.551M,-1.900M,-1.446M
2025-03-26T14:30Z,2025-03-26,20:00,-1.446M,-1.600M,-0.527M
2025-03-19T13:30Z,2025-03-19,19:00,-0.527M,-2.000M,-5.737M
2025-03-12T13:30Z,2025-03-12,19:00,-5.737M,-2.500M,-1.433M
2025-03-05T15:30Z,2025-03-05,21:00,-1.433M,0.130M,0.369M
2025-02-26T15:00Z,2025-02-26,20:30,0.369M,-0.950M,-0.151M
2025-02-20T17:00Z,2025-02-20,22:30,-0.151M,0.700M,-3.035M
2025-02-12T15:30Z,2025-02-12,21:00,-3.035M,1.900M,2.233M
2025-02-05T15:30Z,2025-02-05,21:00,2.233M,-0.900M,2.957M
2025-01-29T15:30Z,2025-01-29,21:00,2.957M,2.000M,2.332M
2025-01-23T17:00Z,2025-01-23,22:30,2.332M,2.500M,5.852M
2025-01-15T15:30Z,2025-01-15,21:00,5.852M,2.670M,6.330M
2025-01-08T15:30Z,2025-01-08,21:00,6.330M,0.500M,7.717M
2025-01-02T16:00Z,2025-01-02,21:30,7.717M,0.700M,1.630M
2024-12-27T18:00Z,2024-12-27,23:30,1.630M,-1.000M,2.348M
2024-12-18T15:30Z,2024-12-18,21:00,2.348M,2.000M,5.086M
2024-12-11T15:30Z,2024-12-11,21:00,5.086M,-0.200M,2.362M
2024-12-04T15:30Z,2024-12-04,21:00,2.362M,0.600M,3.314M
2024-11-27T15:30Z,2024-11-27,21:00,3.314M,,2.054M
2024-11-20T15:30Z,2024-11-20,21:00,2.054M,1.620M,-4.407M
2024-11-14T16:00Z,2024-11-14,21:30,-4.407M,1.000M,0.412M
2024-11-06T15:30Z,2024-11-06,21:00,0.412M,-1.650M,-2.707M
2024-10-30T14:30Z,2024-10-30,20:00,-2.707M,0.600M,0.878M
2024-10-23T14:30Z,2024-10-23,20:00,0.878M,-1.600M,-2.201M
2024-10-17T15:00Z,2024-10-17,20:30,-2.201M,-1.400M,-6.304M
2024-10-09T14:30Z,2024-10-09,20:00,-6.304M,-1.500M,1.119M
2024-10-02T14:30Z,2024-10-02,20:00,1.119M,-0.100M,-1.538M
2024-09-25T14:30Z,2024-09-25,20:00,-1.538M,0.200M,0.069M
2024-09-18T14:30Z,2024-09-18,20:00,0.069M,0.610M,2.310M
2024-09-11T14:30Z,2024-09-11,20:00,2.310M,-0.400M,0.848M
2024-09-05T15:00Z,2024-09-05,20:30,0.848M,-0.800M,-2.203M
2024-08-28T14:30Z,2024-08-28,20:00,-2.203M,-1.500M,-1.606M
2024-08-21T14:30Z,2024-08-21,20:00,-1.606M,-0.100M,-2.894M
2024-08-14T14:30Z,2024-08-14,20:00,-2.894M,-1.100M,1.340M
2024-08-07T14:30Z,2024-08-07,20:00,1.340M,-1.900M,-3.665M
2024-07-31T14:30Z,2024-07-31,20:00,-3.665M,-1.300M,-5.572M
2024-07-24T14:30Z,2024-07-24,20:00,-5.572M,-0.900M,3.328M
2024-07-17T14:30Z,2024-07-17,20:00,3.328M,-1.700M,-2.006M
2024-07-10T14:30Z,2024-07-10,20:00,-2.006M,-1.900M,-2.214M
2024-07-03T14:30Z,2024-07-03,20:00,-2.214M,-1.500M,2.654M
2024-06-26T14:30Z,2024-06-26,20:00,2.654M,-1.100M,-2.280M
2024-06-20T15:00Z,2024-06-20,20:30,-2.280M,1.500M,2.566M
2024-06-12T14:30Z,2024-06-12,20:00,2.566M,0.250M,2.102M
2024-06-05T14:30Z,2024-06-05,20:00,2.102M,2.600M,2.022M
2024-05-30T15:00Z,2024-05-30,20:30,2.022M,1.000M,-0.945M
2024-05-22T14:30Z,2024-05-22,20:00,-0.945M,-1.600M,-0.235M
2024-05-15T14:30Z,2024-05-15,20:00,-0.235M,0.880M,0.915M
2024-05-08T14:30Z,2024-05-08,20:00,0.915M,-1.180M,0.344M
2024-05-01T14:30Z,2024-05-01,20:00,0.344M,,-0.634M
2024-04-24T14:30Z,2024-04-24,20:00,-0.634M,-1.400M,-1.154M
2024-04-17T14:30Z,2024-04-17,20:00,-1.154M,,0.715M
2024-04-10T14:30Z,2024-04-10,20:00,0.715M,-1.320M,-4.256M
2024-04-03T14:30Z,2024-04-03,20:00,-4.256M,-0.820M,1.299M
2024-03-27T14:30Z,2024-03-27,20:00,1.299M,-1.650M,-3.310M
2024-03-20T14:30Z,2024-03-20,20:00,-3.310M,-1.350M,-5.662M
2024-03-13T14:30Z,2024-03-13,20:00,-5.662M,-1.900M,-4.460M
2024-03-06T15:30Z,2024-03-06,21:00,-4.460M,-1.640M,-2.832M
2024-02-28T15:30Z,2024-02-28,21:00,-2.832M,-1.460M,-0.294M
2024-02-22T16:00Z,2024-02-22,21:30,-0.294M,-2.113M,-3.658M
2024-02-14T15:30Z,2024-02-14,21:00,-3.658M,-1.160M,-3.145M
2024-02-07T15:30Z,2024-02-07,21:00,-3.146M,0.140M,1.156M
2024-01-31T15:30Z,2024-01-31,21:00,1.156M,1.483M,4.913M
2024-01-24T15:30Z,2024-01-24,21:00,4.913M,2.300M,3.083M
2024-01-18T16:00Z,2024-01-18,21:30,3.083M,2.150M,8.029M
2024-01-10T15:30Z,2024-01-10,21:00,8.029M,2.489M,10.900M
2024-01-04T16:00Z,2024-01-04,21:30,10.900M,-0.215M,-0.669M
2023-12-28T16:00Z,2023-12-28,21:30,-0.669M,0.400M,2.710M
2023-12-20T15:30Z,2023-12-20,21:00,2.710M,1.233M,0.408M
2023-12-13T15:30Z,2023-12-13,21:00,0.408M,1.933M,5.421M
2023-12-06T15:30Z,2023-12-06,21:00,5.421M,1.027M,1.764M
2023-11-29T15:30Z,2023-11-29,21:00,1.764M,0.229M,0.749M
2023-11-22T15:30Z,2023-11-22,21:00,0.749M,-0.150M,-1.540M
2023-11-15T15:30Z,2023-11-15,21:00,-1.500M,0.622M,-6.300M
2023-11-15T15:29Z,2023-11-15,20:59,-6.300M,,0.065M
2023-11-01T14:30Z,2023-11-01,20:00,0.065M,-0.803M,0.156M
2023-10-25T14:30Z,2023-10-25,20:00,0.156M,-0.897M,-2.371M
2023-10-18T14:30Z,2023-10-18,20:00,-2.371M,-1.097M,-1.313M
2023-10-12T15:00Z,2023-10-12,20:30,-1.313M,-0.800M,6.481M
2023-10-04T14:30Z,2023-10-04,20:00,6.481M,0.161M,1.027M
2023-09-27T14:30Z,2023-09-27,20:00,1.027M,-0.120M,-0.831M
2023-09-20T14:30Z,2023-09-20,20:00,-0.831M,0.317M,5.560M
2023-09-13T14:30Z,2023-09-13,20:00,5.560M,0.237M,-2.666M
2023-09-07T15:00Z,2023-09-07,20:30,-2.666M,-0.950M,-0.214M
2023-08-30T14:30Z,2023-08-30,20:00,-0.214M,-0.933M,1.467M
2023-08-23T14:30Z,2023-08-23,20:00,1.467M,-0.888M,-0.261M
2023-08-16T14:30Z,2023-08-16,20:00,-0.261M,-1.260M,-2.661M
2023-08-09T14:30Z,2023-08-09,20:00,-2.661M,-0.008M,1.480M
2023-08-02T14:30Z,2023-08-02,20:00,1.480M,-1.300M,-0.786M
2023-07-26T14:30Z,2023-07-26,20:00,-0.786M,-1.678M,-1.066M
2023-07-19T14:30Z,2023-07-19,20:00,-1.066M,-1.577M,-0.003M
2023-07-12T14:30Z,2023-07-12,20:00,-0.003M,-0.727M,-2.550M
2023-07-06T15:00Z,2023-07-06,20:30,-2.550M,-1.417M,0.603M
2023-06-28T14:30Z,2023-06-28,20:00,0.603M,-0.126M,0.479M
2023-06-22T15:00Z,2023-06-22,20:30,0.479M,1.091M,2.108M
2023-06-14T14:30Z,2023-06-14,20:00,2.108M,0.637M,2.746M
2023-06-07T14:30Z,2023-06-07,20:00,2.746M,0.880M,-0.207M
2023-06-01T15:00Z,2023-06-01,20:30,-0.207M,-0.369M,-2.053M
2023-05-24T14:30Z,2023-05-24,20:00,-2.053M,-0.695M,-1.381M
2023-05-17T14:30Z,2023-05-17,20:00,-1.381M,-1.060M,-3.168M
2023-05-10T14:30Z,2023-05-10,20:00,-3.168M,-1.233M,1.743M
2023-05-03T14:30Z,2023-05-03,20:00,1.743M,-1.157M,-2.408M
2023-04-26T14:30Z,2023-04-26,20:00,-2.408M,-0.933M,1.300M
2023-04-19T14:30Z,2023-04-19,20:00,1.300M,-1.267M,-0.331M
2023-04-12T14:30Z,2023-04-12,20:00,-0.331M,-1.600M,-4.119M
2023-04-05T14:30Z,2023-04-05,20:00,-4.119M,-1.729M,-2.904M
2023-03-29T14:30Z,2023-03-29,20:00,-2.904M,-1.617M,-6.400M
2023-03-22T14:30Z,2023-03-22,20:00,-6.400M,-1.677M,-2.061M
2023-03-15T14:30Z,2023-03-15,20:00,-2.061M,-1.820M,-1.134M
2023-03-08T15:30Z,2023-03-08,21:00,-1.134M,-1.863M,-0.874M
2023-03-01T15:30Z,2023-03-01,21:00,-0.874M,0.464M,-1.856M
2023-02-23T16:00Z,2023-02-23,21:30,-1.856M,0.108M,2.317M
2023-02-15T15:30Z,2023-02-15,21:00,2.317M,1.543M,5.008M
2023-02-08T15:30Z,2023-02-08,21:00,5.008M,1.271M,2.576M
2023-02-01T15:30Z,2023-02-01,21:00,2.576M,1.442M,1.763M
2023-01-25T15:30Z,2023-01-25,21:00,1.763M,1.767M,3.483M
2023-01-19T16:00Z,2023-01-19,21:30,3.483M,2.529M,4.114M
2023-01-11T15:30Z,2023-01-11,21:00,4.114M,1.186M,-0.346M
2023-01-05T16:00Z,2023-01-05,21:30,-0.346M,-0.486M,-3.105M
2022-12-29T16:00Z,2022-12-29,21:30,-3.105M,0.520M,2.530M
2022-12-21T15:30Z,2022-12-21,21:00,2.530M,2.140M,4.496M
2022-12-14T15:30Z,2022-12-14,21:00,4.496M,2.714M,5.320M
2022-12-07T15:30Z,2022-12-07,21:00,5.320M,2.707M,2.769M
2022-11-30T15:30Z,2022-11-30,21:00,2.769M,1.625M,3.058M
2022-11-23T15:30Z,2022-11-23,21:00,3.058M,0.383M,2.207M
2022-11-16T15:30Z,2022-11-16,21:00,2.207M,0.310M,-0.899M
2022-11-09T15:30Z,2022-11-09,21:00,-0.899M,-1.080M,-1.257M
2022-11-02T14:30Z,2022-11-02,20:00,-1.257M,-1.358M,-1.478M
2022-10-26T14:30Z,2022-10-26,20:00,-1.478M,-0.805M,-0.114M
2022-10-19T14:30Z,2022-10-19,20:00,-0.114M,-1.114M,2.023M
2022-10-13T15:00Z,2022-10-13,20:30,2.023M,-1.825M,-4.728M
2022-10-05T14:30Z,2022-10-05,20:00,-4.728M,-1.334M,-2.422M
2022-09-28T14:30Z,2022-09-28,20:00,-2.422M,0.709M,1.569M
2022-09-21T14:30Z,2022-09-21,20:00,1.569M,-0.431M,-1.767M
2022-09-14T14:30Z,2022-09-14,20:00,-1.767M,-0.858M,0.333M
2022-09-08T15:00Z,2022-09-08,20:30,0.333M,-1.667M,-1.172M
2022-08-31T14:30Z,2022-08-31,20:00,-1.172M,-1.178M,-0.027M
2022-08-24T14:30Z,2022-08-24,20:00,-0.027M,-1.464M,-4.642M
2022-08-17T14:30Z,2022-08-17,20:00,-4.642M,-1.096M,-4.978M
2022-08-10T14:30Z,2022-08-10,20:00,-4.978M,-0.633M,0.163M
2022-08-03T14:30Z,2022-08-03,20:00,0.163M,-1.614M,-3.304M
2022-07-27T14:30Z,2022-07-27,20:00,-3.304M,-0.857M,3.498M
2022-07-20T14:30Z,2022-07-20,20:00,3.498M,0.071M,5.825M
2022-07-13T14:30Z,2022-07-13,20:00,5.825M,-0.357M,-2.497M
2022-07-07T15:00Z,2022-07-07,20:30,-2.497M,-0.480M,2.645M
2022-06-29T14:30Z,2022-06-29,20:00,2.645M,-0.452M,1.489M
2022-06-29T14:25Z,2022-06-29,19:55,1.489M,,-0.710M
2022-06-15T14:30Z,2022-06-15,20:00,-0.710M,1.066M,-0.812M
2022-06-08T14:30Z,2022-06-08,20:00,-0.812M,1.075M,-0.711M
2022-06-02T15:00Z,2022-06-02,20:30,-0.711M,0.533M,-0.482M
2022-05-25T14:30Z,2022-05-25,20:00,-0.482M,-0.634M,-4.779M
2022-05-18T14:30Z,2022-05-18,20:00,-4.779M,-1.333M,-3.607M
2022-05-11T14:30Z,2022-05-11,20:00,-3.607M,-1.574M,-2.230M
2022-05-04T14:30Z,2022-05-04,20:00,-2.230M,-0.589M,-1.573M
2022-04-27T14:30Z,2022-04-27,20:00,-1.573M,0.808M,-0.761M
2022-04-20T14:30Z,2022-04-20,20:00,-0.761M,-0.976M,-3.649M
2022-04-13T14:30Z,2022-04-13,20:00,-3.649M,-0.388M,-2.041M
2022-04-06T14:30Z,2022-04-06,20:00,-2.041M,0.063M,0.785M
2022-03-30T14:30Z,2022-03-30,20:00,0.785M,-1.744M,-2.947M
2022-03-23T14:30Z,2022-03-23,20:00,-2.947M,-1.986M,-3.616M
2022-03-16T14:30Z,2022-03-16,20:00,-3.616M,-1.579M,-1.405M
2022-03-09T15:30Z,2022-03-09,21:00,-1.405M,-2.105M,-0.468M
2022-03-02T15:30Z,2022-03-02,21:00,-0.468M,-1.375M,-0.582M
2022-02-24T16:00Z,2022-02-24,21:30,-0.582M,-1.450M,-1.331M
2022-02-16T15:30Z,2022-02-16,21:00,-1.331M,0.550M,-1.644M
2022-02-09T15:30Z,2022-02-09,21:00,-1.644M,1.623M,2.119M
2022-02-02T15:30Z,2022-02-02,21:00,2.119M,1.645M,1.297M
2022-01-26T15:30Z,2022-01-26,21:00,1.297M,2.548M,5.873M
2022-01-20T16:00Z,2022-01-20,21:30,5.873M,2.634M,7.961M
2022-01-12T15:30Z,2022-01-12,21:00,7.961M,2.408M,10.128M
2022-01-05T15:30Z,2022-01-05,21:00,10.128M,1.775M,-1.458M
2021-12-29T15:30Z,2021-12-29,21:00,-1.459M,-0.031M,5.533M
2021-12-22T15:30Z,2021-12-22,21:00,5.533M,0.467M,-0.719M
2021-12-15T15:30Z,2021-12-15,21:00,-0.719M,1.606M,3.882M
2021-12-08T15:30Z,2021-12-08,21:00,3.882M,1.798M,4.029M
2021-12-01T15:30Z,2021-12-01,21:00,4.029M,0.029M,-0.603M
2021-11-24T15:30Z,2021-11-24,21:00,-0.603M,-0.461M,-0.708M
2021-11-17T15:30Z,2021-11-17,21:00,-0.708M,-0.575M,-1.555M
2021-11-10T15:30Z,2021-11-10,21:00,-1.555M,-1.193M,-1.488M
2021-11-03T14:30Z,2021-11-03,20:00,-1.488M,-1.333M,-1.994M
2021-10-27T14:30Z,2021-10-27,20:00,-1.994M,-1.862M,-5.368M
2021-10-20T14:30Z,2021-10-20,20:00,-5.368M,-1.267M,-1.958M
2021-10-14T15:00Z,2021-10-14,20:30,-1.958M,-0.083M,3.256M
2021-10-06T14:30Z,2021-10-06,20:00,3.256M,-0.279M,0.193M
2021-09-29T14:30Z,2021-09-29,20:00,0.193M,1.400M,3.475M
2021-09-22T14:30Z,2021-09-22,20:00,3.475M,-1.067M,-1.858M
2021-09-15T14:30Z,2021-09-15,20:00,-1.858M,-1.957M,-7.215M
2021-09-09T15:00Z,2021-09-09,20:30,-7.215M,-3.390M,1.290M
2021-09-01T14:30Z,2021-09-01,20:00,1.290M,-1.633M,-2.242M
2021-08-25T14:30Z,2021-08-25,20:00,-2.242M,-1.557M,0.696M
2021-08-18T14:30Z,2021-08-18,20:00,0.696M,-1.671M,-1.400M
2021-08-11T14:30Z,2021-08-11,20:00,-1.400M,-1.657M,-5.292M
2021-08-04T14:30Z,2021-08-04,20:00,-5.292M,-1.780M,-2.253M
2021-07-28T14:30Z,2021-07-28,20:00,-2.253M,-0.916M,-0.121M
2021-07-21T14:30Z,2021-07-21,20:00,-0.121M,-1.043M,1.039M
2021-07-14T14:30Z,2021-07-14,20:00,1.039M,-1.786M,-6.076M
2021-07-08T15:00Z,2021-07-08,20:30,-6.076M,-2.176M,1.522M
2021-06-30T14:30Z,2021-06-30,20:00,1.522M,-0.886M,-2.930M
2021-06-23T14:30Z,2021-06-23,20:00,-2.930M,0.833M,1.954M
2021-06-16T14:30Z,2021-06-16,20:00,1.954M,-0.614M,7.046M
2021-06-09T14:30Z,2021-06-09,20:00,7.046M,0.698M,1.500M
2021-06-03T15:00Z,2021-06-03,20:30,1.500M,-1.479M,-1.745M
2021-05-26T14:30Z,2021-05-26,20:00,-1.745M,-0.614M,-1.963M
2021-05-19T14:30Z,2021-05-19,20:00,-1.963M,-0.886M,0.378M
2021-05-12T14:30Z,2021-05-12,20:00,0.378M,-0.600M,0.737M
2021-05-05T14:30Z,2021-05-05,20:00,0.737M,-0.652M,0.092M
2021-04-28T14:30Z,2021-04-28,20:00,0.092M,0.508M,0.086M
2021-04-21T14:30Z,2021-04-21,20:00,0.086M,0.464M,0.309M
2021-04-14T14:30Z,2021-04-14,20:00,0.309M,0.786M,4.044M
2021-04-07T14:30Z,2021-04-07,20:00,4.044M,-0.221M,-1.735M
2021-03-31T14:30Z,2021-03-31,20:00,-1.735M,0.730M,0.203M
2021-03-24T14:30Z,2021-03-24,20:00,0.203M,1.186M,0.472M
2021-03-17T14:30Z,2021-03-17,20:00,0.472M,-2.996M,-11.869M
2021-03-10T15:30Z,2021-03-10,21:00,-11.869M,-3.467M,-13.624M
2021-03-03T15:30Z,2021-03-03,21:00,-13.624M,-2.300M,0.012M
2021-02-24T15:30Z,2021-02-24,21:00,0.012M,-3.062M,0.672M
2021-02-18T16:00Z,2021-02-18,21:30,0.672M,1.397M,4.259M
2021-02-10T15:30Z,2021-02-10,21:00,4.259M,1.814M,4.466M
2021-02-03T15:30Z,2021-02-03,21:00,4.466M,1.134M,2.470M
2021-01-27T15:30Z,2021-01-27,21:00,2.470M,1.764M,-0.260M
2021-01-22T16:00Z,2021-01-22,21:30,-0.260M,2.771M,4.395M
2021-01-13T15:30Z,2021-01-13,21:00,4.395M,2.695M,4.519M
2021-01-06T15:30Z,2021-01-06,21:00,4.519M,1.525M,-1.192M
2020-12-30T15:30Z,2020-12-30,21:00,-1.192M,1.662M,-1.125M
2020-12-23T15:30Z,2020-12-23,21:00,-1.125M,1.210M,1.020M
2020-12-16T15:30Z,2020-12-16,21:00,1.020M,1.614M,4.222M
2020-12-09T15:30Z,2020-12-09,21:00,4.222M,2.271M,3.491M
2020-12-02T15:30Z,2020-12-02,21:00,3.491M,2.386M,2.180M
2020-11-25T15:30Z,2020-11-25,21:00,2.180M,0.614M,2.611M
2020-11-18T15:30Z,2020-11-18,21:00,2.611M,0.087M,-2.309M
2020-11-12T16:00Z,2020-11-12,21:30,-2.309M,-0.263M,1.541M
2020-11-04T15:30Z,2020-11-04,21:00,1.541M,-0.871M,-0.892M
2020-10-28T14:30Z,2020-10-28,20:00,-0.892M,-0.961M,1.895M
2020-10-21T14:30Z,2020-10-21,20:00,1.895M,-1.829M,-1.626M
2020-10-15T15:00Z,2020-10-15,20:30,-1.626M,-1.607M,-1.435M
2020-10-07T14:30Z,2020-10-07,20:00,-1.435M,-0.471M,0.683M
2020-09-30T14:30Z,2020-09-30,20:00,0.683M,-1.083M,-4.025M
2020-09-23T14:30Z,2020-09-23,20:00,-4.025M,-0.648M,-0.381M
2020-09-16T14:30Z,2020-09-16,20:00,-0.381M,-0.160M,-2.954M
2020-09-10T15:00Z,2020-09-10,20:30,-2.954M,-2.384M,-4.320M
2020-09-02T14:30Z,2020-09-02,20:00,-4.320M,-3.036M,-4.584M
2020-08-26T14:30Z,2020-08-26,20:00,-4.584M,-1.533M,-3.322M
2020-08-19T14:30Z,2020-08-19,20:00,-3.322M,-1.057M,-0.722M
2020-08-12T14:30Z,2020-08-12,20:00,-0.722M,-0.674M,0.419M
2020-08-05T14:30Z,2020-08-05,20:00,0.419M,-0.170M,0.654M
2020-07-29T14:30Z,2020-07-29,20:00,0.654M,-0.733M,-1.802M
2020-07-22T14:30Z,2020-07-22,20:00,-1.802M,-1.386M,-3.147M
2020-07-15T14:30Z,2020-07-15,20:00,-3.147M,-0.643M,-4.839M
2020-07-08T14:30Z,2020-07-08,20:00,-4.839M,-0.002M,1.199M
2020-07-01T14:30Z,2020-07-01,20:00,1.199M,-1.583M,-1.673M
2020-06-24T14:30Z,2020-06-24,20:00,-1.673M,-1.304M,-1.667M
2020-06-17T14:30Z,2020-06-17,20:00,-1.667M,-0.017M,0.866M
2020-06-10T14:30Z,2020-06-10,20:00,0.866M,0.071M,2.796M
2020-06-03T14:30Z,2020-06-03,20:00,2.796M,1.000M,-0.724M
2020-05-28T15:00Z,2020-05-28,20:30,-0.724M,0.100M,2.830M
2020-05-20T14:30Z,2020-05-20,20:00,2.830M,-2.134M,-3.513M
2020-05-13T14:30Z,2020-05-13,20:00,-3.513M,-2.216M,-3.158M
2020-05-06T14:30Z,2020-05-06,20:00,-3.158M,0.043M,-3.669M
2020-04-29T14:30Z,2020-04-29,20:00,-3.669M,2.527M,1.017M
2020-04-22T14:30Z,2020-04-22,20:00,1.017M,3.578M,4.914M
2020-04-15T14:30Z,2020-04-15,20:00,4.914M,6.386M,10.497M
2020-04-08T14:30Z,2020-04-08,20:00,10.497M,4.333M,7.524M
2020-04-01T14:30Z,2020-04-01,20:00,7.524M,1.949M,-1.537M
2020-03-25T14:30Z,2020-03-25,20:00,-1.537M,-0.657M,-6.180M
2020-03-18T14:30Z,2020-03-18,20:00,-6.180M,-2.890M,-5.048M
2020-03-11T14:30Z,2020-03-11,20:00,-5.048M,-2.482M,-4.340M
2020-03-04T15:30Z,2020-03-04,21:00,-4.340M,-2.095M,-2.691M
2020-02-26T15:30Z,2020-02-26,21:00,-2.691M,-2.245M,-1.971M
2020-02-20T16:00Z,2020-02-20,21:30,-1.971M,0.435M,-0.095M
2020-02-12T15:30Z,2020-02-12,21:00,-0.095M,0.546M,-0.091M
2020-02-05T15:30Z,2020-02-05,21:00,-0.091M,2.057M,1.203M
2020-01-29T15:30Z,2020-01-29,21:00,1.203M,1.320M,1.745M
2020-01-23T16:00Z,2020-01-23,21:30,1.745M,3.090M,6.678M
2020-01-15T15:30Z,2020-01-15,21:00,6.678M,3.386M,9.137M
2020-01-08T15:30Z,2020-01-08,21:00,9.137M,2.654M,3.212M
2020-01-03T16:00Z,2020-01-03,21:30,3.212M,1.823M,1.963M
2019-12-27T16:00Z,2019-12-27,21:30,1.963M,1.663M,2.529M
2019-12-18T15:30Z,2019-12-18,21:00,2.529M,2.178M,5.405M
2019-12-11T15:30Z,2019-12-11,21:00,5.405M,2.533M,3.385M
2019-12-04T15:30Z,2019-12-04,21:00,3.385M,1.826M,5.132M
2019-11-27T15:30Z,2019-11-27,21:00,5.132M,1.222M,1.756M
2019-11-20T15:30Z,2019-11-20,21:00,1.756M,0.870M,1.861M
2019-11-14T16:00Z,2019-11-14,21:30,1.861M,-1.167M,-2.828M
2019-11-06T15:30Z,2019-11-06,21:00,-2.828M,-1.809M,-3.037M
2019-10-30T14:30Z,2019-10-30,20:00,-3.037M,-2.185M,-3.107M
2019-10-23T14:30Z,2019-10-23,20:00,-3.107M,-2.267M,-2.562M
2019-10-17T15:00Z,2019-10-17,20:30,-2.562M,-1.209M,-1.213M
2019-10-09T14:30Z,2019-10-09,20:00,-1.213M,-0.257M,-0.228M
2019-10-02T14:30Z,2019-10-02,20:00,-0.228M,0.449M,0.519M
2019-09-25T14:30Z,2019-09-25,20:00,0.519M,0.296M,0.781M
2019-09-18T14:30Z,2019-09-18,20:00,0.781M,-0.538M,-0.682M
2019-09-11T14:30Z,2019-09-11,20:00,-0.682M,-0.847M,-2.396M
2019-09-05T15:00Z,2019-09-05,20:30,-2.396M,-1.523M,-2.090M
2019-08-28T14:30Z,2019-08-28,20:00,-2.090M,-0.388M,0.310M
2019-08-21T14:30Z,2019-08-21,20:00,0.310M,0.169M,-1.412M
2019-08-14T14:30Z,2019-08-14,20:00,-1.412M,0.025M,4.437M
2019-08-07T14:30Z,2019-08-07,20:00,4.437M,-0.722M,-1.791M
2019-07-31T14:30Z,2019-07-31,20:00,-1.791M,-1.449M,-0.226M
2019-07-24T14:30Z,2019-07-24,20:00,-0.226M,-0.730M,3.565M
2019-07-17T14:30Z,2019-07-17,20:00,3.565M,-0.925M,-1.455M
2019-07-10T14:30Z,2019-07-10,20:00,-1.455M,-1.301M,-1.583M
2019-07-03T14:30Z,2019-07-03,20:00,-1.583M,-2.167M,-0.996M
2019-06-26T14:30Z,2019-06-26,20:00,-0.996M,0.288M,-1.692M
2019-06-19T14:30Z,2019-06-19,20:00,-1.692M,0.935M,0.764M
2019-06-12T14:30Z,2019-06-12,20:00,0.764M,0.743M,3.205M
2019-06-05T14:30Z,2019-06-05,20:00,3.205M,0.630M,2.204M
2019-05-30T15:00Z,2019-05-30,20:30,2.204M,-0.528M,3.716M
2019-05-22T14:30Z,2019-05-22,20:00,3.716M,-0.816M,-1.123M
2019-05-15T14:30Z,2019-05-15,20:00,-1.123M,-0.299M,-0.596M
2019-05-08T14:30Z,2019-05-08,20:00,-0.596M,-0.434M,0.917M
2019-05-01T14:30Z,2019-05-01,20:00,0.917M,-1.005M,-2.129M
2019-04-24T14:30Z,2019-04-24,20:00,-2.129M,-1.042M,-1.174M
2019-04-17T14:30Z,2019-04-17,20:00,-1.174M,-2.133M,-7.710M
2019-04-10T14:30Z,2019-04-10,20:00,-7.710M,-2.009M,-1.781M
2019-04-03T14:30Z,2019-04-03,20:00,-1.781M,-1.542M,-2.883M
2019-03-27T14:30Z,2019-03-27,20:00,-2.883M,-2.775M,-4.587M
2019-03-20T14:30Z,2019-03-20,20:00,-4.587M,-2.414M,-4.624M
2019-03-13T14:30Z,2019-03-13,20:00,-4.624M,-2.532M,-4.227M
2019-03-06T15:30Z,2019-03-06,21:00,-4.227M,-2.084M,-1.906M
2019-02-27T15:30Z,2019-02-27,21:00,-1.906M,-1.686M,-1.454M
2019-02-21T16:00Z,2019-02-21,21:30,-1.454M,-0.350M,0.408M
2019-02-13T15:30Z,2019-02-13,21:00,0.408M,0.826M,0.513M
2019-02-06T15:30Z,2019-02-06,21:00,0.513M,1.601M,-2.235M
2019-01-30T15:30Z,2019-01-30,21:00,-2.235M,2.800M,4.050M
2019-01-24T16:00Z,2019-01-24,21:30,4.050M,2.655M,7.503M
2019-01-16T15:30Z,2019-01-16,21:00,7.503M,2.769M,8.066M
2019-01-09T15:30Z,2019-01-09,21:00,8.066M,3.387M,6.890M
2019-01-04T16:00Z,2019-01-04,21:30,6.890M,1.967M,3.003M
2018-12-28T16:00Z,2018-12-28,21:30,3.003M,0.028M,1.766M
2018-12-19T15:30Z,2018-12-19,21:00,1.766M,1.200M,2.087M
2018-12-12T15:30Z,2018-12-12,21:00,2.087M,2.461M,1.699M
2018-12-06T16:00Z,2018-12-06,21:30,1.699M,1.300M,-0.764M
2018-11-28T15:30Z,2018-11-28,21:00,-0.764M,0.640M,-1.295M
2018-11-21T15:30Z,2018-11-21,21:00,-1.295M,-0.198M,-1.411M
2018-11-15T16:00Z,2018-11-15,21:30,-1.411M,-1.479M,1.852M
2018-11-07T15:30Z,2018-11-07,21:00,1.852M,-2.276M,-3.161M
2018-10-31T14:30Z,2018-10-31,20:00,-3.161M,-2.137M,-4.826M
2018-10-24T14:30Z,2018-10-24,20:00,-4.826M,-1.878M,-2.016M
2018-10-17T14:30Z,2018-10-17,20:00,-2.016M,-1.074M,0.951M
2018-10-11T15:00Z,2018-10-11,20:30,0.951M,-0.042M,-0.459M
2018-10-03T14:30Z,2018-10-03,20:00,-0.459M,1.316M,1.530M
2018-09-26T14:30Z,2018-09-26,20:00,1.530M,0.788M,-1.719M
2018-09-19T14:30Z,2018-09-19,20:00,-1.719M,-0.104M,1.250M
2018-09-12T14:30Z,2018-09-12,20:00,1.250M,1.321M,1.845M
2018-09-06T15:00Z,2018-09-06,20:30,1.845M,-0.810M,-1.554M
2018-08-29T14:30Z,2018-08-29,20:00,-1.554M,0.370M,1.200M
2018-08-22T14:30Z,2018-08-22,20:00,1.200M,-0.488M,-0.740M
2018-08-15T14:30Z,2018-08-15,20:00,-0.740M,-0.583M,2.900M
2018-08-08T14:30Z,2018-08-08,20:00,2.900M,-1.700M,-2.536M
2018-08-01T14:30Z,2018-08-01,20:00,-2.536M,-1.288M,-2.328M
2018-07-25T14:30Z,2018-07-25,20:00,-2.328M,-0.713M,-3.165M
2018-07-18T14:30Z,2018-07-18,20:00,-3.165M,-0.044M,-0.694M
2018-07-11T14:30Z,2018-07-11,20:00,-0.694M,-0.750M,-1.505M
2018-07-05T15:00Z,2018-07-05,20:30,-1.505M,-0.817M,1.156M
2018-06-27T14:30Z,2018-06-27,20:00,1.156M,1.313M,3.277M
2018-06-20T14:30Z,2018-06-20,20:00,3.277M,0.188M,-2.271M
2018-06-13T14:30Z,2018-06-13,20:00,-2.271M,0.443M,4.603M
2018-06-06T14:30Z,2018-06-06,20:00,4.603M,0.587M,0.534M
2018-05-31T15:00Z,2018-05-31,20:30,0.534M,,1.883M
2018-05-23T14:30Z,2018-05-23,20:00,1.883M,-1.388M,-3.790M
2018-05-16T14:30Z,2018-05-16,20:00,-3.790M,-1.421M,-2.174M
2018-05-09T14:30Z,2018-05-09,20:00,-2.174M,-0.450M,1.171M
2018-05-02T14:30Z,2018-05-02,20:00,1.171M,-0.587M,0.840M
2018-04-25T14:30Z,2018-04-25,20:00,0.840M,-0.625M,-2.968M
2018-04-18T14:30Z,2018-04-18,20:00,-2.968M,-0.227M,0.458M
2018-04-11T14:30Z,2018-04-11,20:00,0.458M,-1.425M,-1.116M
2018-04-04T14:30Z,2018-04-04,20:00,-1.116M,-1.264M,-3.472M
2018-03-28T14:30Z,2018-03-28,20:00,-3.472M,-1.954M,-1.693M
2018-03-21T14:30Z,2018-03-21,20:00,-1.693M,-2.008M,-6.271M
2018-03-14T14:30Z,2018-03-14,20:00,-6.271M,-1.176M,-0.788M
2018-03-07T15:30Z,2018-03-07,21:00,-0.788M,-1.201M,2.483M
2018-02-28T15:30Z,2018-02-28,21:00,2.483M,-0.190M,0.261M
2018-02-22T16:00Z,2018-02-22,21:30,0.261M,-0.283M,3.599M
2018-02-14T15:30Z,2018-02-14,21:00,3.599M,1.229M,3.414M
2018-02-07T15:30Z,2018-02-07,21:00,3.414M,0.459M,-1.980M
2018-01-31T15:30Z,2018-01-31,21:00,-1.980M,1.809M,3.098M
2018-01-24T15:30Z,2018-01-24,21:00,3.098M,2.486M,3.620M
2018-01-18T16:00Z,2018-01-18,21:30,3.620M,3.426M,4.135M
2018-01-10T15:30Z,2018-01-10,21:00,4.135M,2.625M,4.813M
2018-01-04T16:00Z,2018-01-04,21:30,4.813M,2.182M,0.591M
2017-12-28T16:00Z,2017-12-28,21:30,0.591M,1.278M,1.237M
2017-12-20T15:30Z,2017-12-20,21:00,1.237M,1.895M,5.664M
2017-12-13T15:30Z,2017-12-13,21:00,5.664M,2.457M,6.780M
2017-12-06T15:30Z,2017-12-06,21:00,6.780M,1.741M,3.627M
2017-11-29T15:30Z,2017-11-29,21:00,3.627M,1.199M,0.044M
2017-11-22T15:30Z,2017-11-22,21:00,0.044M,0.737M,0.894M
2017-11-15T15:30Z,2017-11-15,21:00,0.894M,-0.919M,-3.312M
2017-11-08T15:30Z,2017-11-08,21:00,-3.312M,-1.938M,-4.020M
2017-11-01T14:30Z,2017-11-01,20:00,-4.020M,-1.506M,-5.465M
2017-10-25T14:30Z,2017-10-25,20:00,-5.465M,-0.017M,0.908M
2017-10-18T14:30Z,2017-10-18,20:00,0.908M,0.256M,2.490M
2017-10-12T15:00Z,2017-10-12,20:30,2.490M,-0.480M,1.644M
2017-10-04T14:30Z,2017-10-04,20:00,1.644M,1.088M,1.107M
2017-09-27T14:30Z,2017-09-27,20:00,1.107M,-0.921M,-2.125M
2017-09-20T14:30Z,2017-09-20,20:00,-2.125M,-2.135M,-8.428M
2017-09-13T14:30Z,2017-09-13,20:00,-8.428M,-2.050M,-3.199M
2017-09-07T15:00Z,2017-09-07,20:30,-3.199M,-5.000M,0.035M
2017-08-30T14:30Z,2017-08-30,20:00,0.035M,-0.989M,-1.223M
2017-08-23T14:30Z,2017-08-23,20:00,-1.223M,-0.643M,0.022M
2017-08-16T14:30Z,2017-08-16,20:00,0.022M,-1.078M,3.424M
2017-08-09T14:30Z,2017-08-09,20:00,3.424M,-1.479M,-2.517M
2017-08-02T14:30Z,2017-08-02,20:00,-2.517M,-0.636M,-1.015M
2017-07-26T14:30Z,2017-07-26,20:00,-1.015M,-0.614M,-4.445M
2017-07-19T14:30Z,2017-07-19,20:00,-4.445M,-0.655M,-1.647M
2017-07-12T14:30Z,2017-07-12,20:00,-1.647M,1.147M,-3.669M
2017-07-06T15:00Z,2017-07-06,20:30,-3.669M,-1.067M,-0.894M
2017-06-28T14:30Z,2017-06-28,20:00,-0.894M,-0.583M,-0.578M
2017-06-21T14:30Z,2017-06-21,20:00,-0.578M,0.443M,2.096M
2017-06-14T14:30Z,2017-06-14,20:00,2.096M,-0.457M,3.324M
2017-06-07T14:30Z,2017-06-07,20:00,3.324M,0.580M,-2.858M
2017-06-01T15:00Z,2017-06-01,20:30,-2.858M,-1.091M,-0.787M
2017-05-24T14:30Z,2017-05-24,20:00,-0.787M,-1.194M,-0.413M
2017-05-17T14:30Z,2017-05-17,20:00,-0.413M,-0.731M,-0.150M
2017-05-10T14:30Z,2017-05-10,20:00,-0.150M,-0.538M,0.191M
2017-05-03T14:30Z,2017-05-03,20:00,0.191M,1.322M,3.369M
2017-04-26T14:30Z,2017-04-26,20:00,3.369M,-1.020M,1.542M
2017-04-19T14:30Z,2017-04-19,20:00,1.542M,-1.938M,-2.973M
2017-04-12T14:30Z,2017-04-12,20:00,-2.973M,-1.721M,-0.618M
2017-04-05T14:30Z,2017-04-05,20:00,-0.618M,-1.422M,-3.747M
2017-03-29T14:30Z,2017-03-29,20:00,-3.747M,-1.886M,-2.811M
2017-03-22T14:30Z,2017-03-22,20:00,-2.811M,-2.008M,-3.055M
2017-03-15T14:30Z,2017-03-15,20:00,-3.055M,-1.950M,-6.555M
2017-03-08T15:30Z,2017-03-08,21:00,-6.555M,-1.400M,-0.546M
2017-03-01T15:30Z,2017-03-01,21:00,-0.546M,-1.789M,-2.628M
2017-02-23T16:00Z,2017-02-23,21:30,-2.628M,-0.888M,2.846M
2017-02-15T15:30Z,2017-02-15,21:00,2.846M,-0.752M,-0.869M
2017-02-08T15:30Z,2017-02-08,21:00,-0.869M,1.071M,3.866M
2017-02-01T15:30Z,2017-02-01,21:00,3.866M,0.982M,6.796M
2017-01-25T15:30Z,2017-01-25,21:00,6.796M,0.498M,5.951M
2017-01-19T16:00Z,2017-01-19,21:30,5.951M,2.023M,5.023M
2017-01-11T15:30Z,2017-01-11,21:00,5.023M,1.638M,8.307M
2017-01-05T16:00Z,2017-01-05,21:30,8.307M,1.786M,-1.593M
2016-12-29T16:00Z,2016-12-29,21:30,-1.593M,1.320M,-1.309M
2016-12-21T15:30Z,2016-12-21,21:00,-1.309M,1.420M,0.497M
2016-12-14T15:30Z,2016-12-14,21:00,0.497M,2.540M,3.425M
2016-12-07T15:30Z,2016-12-07,21:00,3.425M,1.948M,2.097M
2016-11-30T15:30Z,2016-11-30,21:00,2.097M,1.156M,2.317M
2016-11-23T15:30Z,2016-11-23,21:00,2.317M,0.643M,0.746M
2016-11-16T15:30Z,2016-11-16,21:00,0.746M,-0.416M,-2.841M
2016-11-09T15:30Z,2016-11-09,21:00,-2.841M,-1.025M,-2.207M
2016-11-02T14:30Z,2016-11-02,20:00,-2.207M,-1.124M,-1.956M
2016-10-26T14:30Z,2016-10-26,20:00,-1.956M,-0.963M,2.469M
2016-10-19T14:30Z,2016-10-19,20:00,2.469M,-1.319M,-1.900M
2016-10-13T15:00Z,2016-10-13,20:30,-1.900M,-1.491M,0.222M
2016-10-05T14:30Z,2016-10-05,20:00,0.222M,0.702M,2.027M
2016-09-28T14:30Z,2016-09-28,20:00,2.027M,0.178M,-3.204M
2016-09-21T14:30Z,2016-09-21,20:00,-3.204M,-0.567M,0.567M
2016-09-14T14:30Z,2016-09-14,20:00,0.567M,0.343M,-4.211M
2016-09-08T15:00Z,2016-09-08,20:30,-4.211M,-0.171M,-0.691M
2016-08-31T14:30Z,2016-08-31,20:00,-0.691M,-1.157M,0.036M
2016-08-24T14:30Z,2016-08-24,20:00,0.036M,-1.166M,-2.724M
2016-08-17T14:30Z,2016-08-17,20:00,-2.724M,-1.638M,-2.807M
2016-08-10T14:30Z,2016-08-10,20:00,-2.807M,-1.063M,-3.262M
2016-08-03T14:30Z,2016-08-03,20:00,-3.262M,-0.200M,0.452M
2016-07-27T14:30Z,2016-07-27,20:00,0.452M,0.036M,0.911M
2016-07-20T14:30Z,2016-07-20,20:00,0.911M,-0.833M,1.213M
2016-07-13T14:30Z,2016-07-13,20:00,1.213M,-0.432M,-0.122M
2016-07-07T15:00Z,2016-07-07,20:30,-0.122M,-0.353M,1.367M
2016-06-29T14:30Z,2016-06-29,20:00,1.367M,0.058M,0.627M
2016-06-22T14:30Z,2016-06-22,20:00,0.627M,-0.326M,-2.625M
2016-06-15T14:30Z,2016-06-15,20:00,-2.625M,-0.243M,1.010M
2016-06-08T14:30Z,2016-06-08,20:00,1.010M,-0.674M,-1.492M
2016-06-02T15:00Z,2016-06-02,20:30,-1.492M,-0.157M,2.043M
2016-05-25T14:30Z,2016-05-25,20:00,2.043M,-1.067M,-2.496M
2016-05-18T14:30Z,2016-05-18,20:00,-2.496M,-0.150M,-1.231M
2016-05-11T14:30Z,2016-05-11,20:00,-1.231M,-0.710M,0.536M
2016-05-04T14:30Z,2016-05-04,20:00,0.536M,-0.144M,1.608M
2016-04-27T14:30Z,2016-04-27,20:00,1.608M,-0.400M,-0.110M
2016-04-20T14:30Z,2016-04-20,20:00,-0.110M,-1.217M,-4.237M
2016-04-13T14:30Z,2016-04-13,20:00,-4.237M,-1.393M,1.438M
2016-04-06T14:30Z,2016-04-06,20:00,1.438M,-0.967M,-2.514M
2016-03-30T14:30Z,2016-03-30,20:00,-2.514M,-2.179M,-4.642M
2016-03-23T14:30Z,2016-03-23,20:00,-4.642M,-1.482M,-0.747M
2016-03-16T14:30Z,2016-03-16,20:00,-0.747M,-2.339M,-4.526M
2016-03-09T15:30Z,2016-03-09,21:00,-4.526M,-1.390M,-1.468M
2016-03-02T15:30Z,2016-03-02,21:00,-1.468M,-1.083M,-2.236M
2016-02-24T15:30Z,2016-02-24,21:00,-2.236M,-1.033M,3.036M
2016-02-18T16:00Z,2016-02-18,21:30,3.036M,0.500M,1.258M
2016-02-10T15:30Z,2016-02-10,21:00,1.258M,0.417M,5.938M
2016-02-03T15:30Z,2016-02-03,21:00,5.938M,1.700M,3.464M
2016-01-27T15:30Z,2016-01-27,21:00,3.464M,1.546M,4.563M
2016-01-21T16:00Z,2016-01-21,21:30,4.563M,1.378M,8.438M
2016-01-13T15:30Z,2016-01-13,21:00,8.438M,2.703M,10.576M
2016-01-06T15:30Z,2016-01-06,21:00,10.576M,2.308M,0.925M
2015-12-30T15:30Z,2015-12-30,21:00,0.925M,0.896M,1.111M
2015-12-23T15:30Z,2015-12-23,21:00,1.111M,1.383M,1.731M
2015-12-16T15:30Z,2015-12-16,21:00,1.731M,1.952M,0.786M
2015-12-09T15:30Z,2015-12-09,21:00,0.786M,2.155M,0.135M
2015-12-02T15:30Z,2015-12-02,21:00,0.135M,1.453M,2.478M
2015-11-25T15:30Z,2015-11-25,21:00,2.478M,0.938M,1.009M
2015-11-18T15:30Z,2015-11-18,21:00,1.009M,-0.367M,-2.102M
2015-11-12T16:00Z,2015-11-12,21:30,-2.102M,-0.807M,-3.300M
2015-11-04T15:30Z,2015-11-04,21:00,-3.300M,-0.969M,-1.137M
2015-10-28T14:30Z,2015-10-28,20:00,-1.137M,-0.817M,-1.518M
2015-10-21T14:30Z,2015-10-21,20:00,-1.518M,-0.858M,-2.618M
2015-10-15T15:00Z,2015-10-15,20:30,-2.618M,-1.695M,1.910M
2015-10-07T14:30Z,2015-10-07,20:00,1.910M,0.467M,3.254M
2015-09-30T14:30Z,2015-09-30,20:00,3.254M,-0.040M,1.369M
2015-09-23T14:30Z,2015-09-23,20:00,1.369M,0.819M,2.840M
2015-09-16T14:30Z,2015-09-16,20:00,2.840M,-0.021M,0.384M
2015-09-10T15:00Z,2015-09-10,20:30,0.384M,-0.567M,-0.271M
2015-09-02T14:30Z,2015-09-02,20:00,-0.271M,-1.328M,1.660M
2015-08-26T14:30Z,2015-08-26,20:00,1.660M,-1.317M,-2.708M
2015-08-19T14:30Z,2015-08-19,20:00,-2.708M,-1.614M,-1.251M
2015-08-12T14:30Z,2015-08-12,20:00,-1.251M,-0.647M,0.811M
2015-08-05T14:30Z,2015-08-05,20:00,0.811M,-0.488M,-0.363M
2015-07-29T14:30Z,2015-07-29,20:00,-0.363M,0.512M,-1.725M
2015-07-22T14:30Z,2015-07-22,20:00,-1.725M,0.925M,0.058M
2015-07-15T14:30Z,2015-07-15,20:00,0.058M,0.679M,1.215M
2015-07-08T14:30Z,2015-07-08,20:00,1.215M,-0.254M,-1.757M
2015-07-01T14:30Z,2015-07-01,20:00,-1.757M,0.458M,0.680M
2015-06-24T14:30Z,2015-06-24,20:00,0.680M,-0.304M,0.460M
2015-06-17T14:30Z,2015-06-17,20:00,0.460M,-0.314M,-2.939M
2015-06-10T14:30Z,2015-06-10,20:00,-2.939M,0.280M,-0.334M
2015-06-03T14:30Z,2015-06-03,20:00,-0.334M,0.529M,-3.309M
2015-05-28T15:00Z,2015-05-28,20:30,-3.309M,-0.429M,-2.774M
2015-05-20T14:30Z,2015-05-20,20:00,-2.774M,0.729M,-1.142M
2015-05-13T14:30Z,2015-05-13,20:00,-1.142M,0.429M,0.401M
2015-05-06T14:30Z,2015-05-06,20:00,0.401M,0.867M,1.713M
2015-04-29T14:30Z,2015-04-29,20:00,1.713M,0.217M,-2.135M
2015-04-22T14:30Z,2015-04-22,20:00,-2.135M,-0.700M,-2.072M
2015-04-15T14:30Z,2015-04-15,20:00,-2.072M,-0.200M,0.817M
2015-04-08T14:30Z,2015-04-08,20:00,0.817M,-1.043M,-4.258M
2015-04-01T14:30Z,2015-04-01,20:00,-4.258M,-0.943M,-2.014M
2015-03-25T14:30Z,2015-03-25,20:00,-2.014M,-1.633M,-4.473M
2015-03-18T14:30Z,2015-03-18,20:00,-4.473M,-0.883M,-0.187M
2015-03-11T14:30Z,2015-03-11,20:00,-0.187M,-1.686M,0.046M
2015-03-04T15:30Z,2015-03-04,21:00,0.046M,-1.871M,-3.118M
2015-02-25T15:30Z,2015-02-25,21:00,-3.118M,-1.467M,0.485M
2015-02-19T16:00Z,2015-02-19,21:30,0.485M,0.167M,1.977M
2015-02-11T15:30Z,2015-02-11,21:00,1.977M,0.200M,2.335M
2015-02-04T15:30Z,2015-02-04,21:00,2.335M,0.067M,-2.587M
2015-01-28T15:30Z,2015-01-28,21:00,-2.587M,0.320M,0.588M
2015-01-22T16:00Z,2015-01-22,21:30,0.588M,1.300M,3.171M
2015-01-14T15:30Z,2015-01-14,21:00,3.171M,3.467M,8.115M
2015-01-07T15:30Z,2015-01-07,21:00,8.115M,3.380M,2.951M
2014-12-31T15:30Z,2014-12-31,21:00,2.951M,2.130M,4.083M
2014-12-24T15:30Z,2014-12-24,21:00,4.083M,0.600M,5.250M
2014-12-17T15:30Z,2014-12-17,21:00,5.250M,1.780M,8.197M
2014-12-10T15:30Z,2014-12-10,21:00,8.197M,2.580M,2.143M
2014-12-03T15:30Z,2014-12-03,21:00,2.143M,1.040M,1.825M
2014-11-26T15:30Z,2014-11-26,21:00,1.825M,1.817M,1.034M
2014-11-19T15:30Z,2014-11-19,21:00,1.034M,0.600M,1.805M
2014-11-13T16:00Z,2014-11-13,21:30,1.805M,0.517M,-1.378M
2014-11-05T15:30Z,2014-11-05,21:00,-1.378M,-1.000M,-1.236M
2014-10-29T14:30Z,2014-10-29,20:00,-1.236M,-0.986M,-1.299M
2014-10-22T14:30Z,2014-10-22,20:00,-1.299M,-1.000M,-3.995M
2014-10-16T15:00Z,2014-10-16,20:30,-3.995M,-1.200M,1.180M
2014-10-08T14:30Z,2014-10-08,20:00,1.180M,-1.000M,-1.836M
2014-10-01T14:30Z,2014-10-01,20:00,-1.836M,-0.767M,-0.414M
2014-09-24T14:30Z,2014-09-24,20:00,-0.414M,-0.086M,-1.635M
2014-09-17T14:30Z,2014-09-17,20:00,-1.635M,-0.257M,2.381M
2014-09-10T14:30Z,2014-09-10,20:00,2.381M,-0.157M,-2.322M
2014-09-04T15:00Z,2014-09-04,20:30,-2.322M,-1.325M,-0.960M
2014-08-27T14:30Z,2014-08-27,20:00,-0.960M,-1.079M,0.585M
2014-08-20T14:30Z,2014-08-20,20:00,0.585M,-1.588M,-1.160M
2014-08-13T14:30Z,2014-08-13,20:00,-1.160M,-1.071M,-4.387M
2014-08-06T14:30Z,2014-08-06,20:00,-4.387M,0.300M,0.365M
2014-07-30T14:30Z,2014-07-30,20:00,0.365M,1.257M,3.379M
2014-07-23T14:30Z,2014-07-23,20:00,3.379M,1.300M,0.171M
2014-07-16T14:30Z,2014-07-16,20:00,0.171M,0.600M,0.579M
2014-07-09T14:30Z,2014-07-09,20:00,0.579M,-0.217M,-1.235M
2014-07-02T14:30Z,2014-07-02,20:00,-1.235M,0.357M,0.710M
2014-06-25T14:30Z,2014-06-25,20:00,0.710M,1.486M,0.785M
2014-06-18T14:30Z,2014-06-18,20:00,0.785M,-0.113M,1.697M
2014-06-11T14:30Z,2014-06-11,20:00,1.697M,0.843M,0.210M
2014-06-04T14:30Z,2014-06-04,20:00,0.210M,-0.157M,-1.803M
2014-05-29T15:00Z,2014-05-29,20:30,-1.803M,0.283M,0.970M
2014-05-21T14:30Z,2014-05-21,20:00,0.970M,0.079M,-0.772M
2014-05-14T14:30Z,2014-05-14,20:00,-0.772M,0.143M,1.608M
2014-05-07T14:30Z,2014-05-07,20:00,1.608M,0.017M,1.564M
2014-04-30T14:30Z,2014-04-30,20:00,1.564M,-0.600M,-0.274M
2014-04-23T14:30Z,2014-04-23,20:00,-0.274M,-1.713M,-0.154M
2014-04-16T14:30Z,2014-04-16,20:00,-0.154M,-1.667M,-5.188M
2014-04-09T14:30Z,2014-04-09,20:00,-5.188M,-0.729M,-1.574M
2014-04-02T14:30Z,2014-04-02,20:00,-1.574M,-1.086M,-5.101M
2014-03-26T14:30Z,2014-03-26,20:00,-5.101M,-1.206M,-1.467M
2014-03-19T14:30Z,2014-03-19,20:00,-1.467M,-1.542M,-5.230M
2014-03-12T14:30Z,2014-03-12,20:00,-5.230M,-2.033M,-1.604M
2014-03-05T15:30Z,2014-03-05,21:00,-1.604M,-1.183M,-2.807M
2014-02-26T15:30Z,2014-02-26,21:00,-2.807M,-0.986M,0.309M
2014-02-20T16:00Z,2014-02-20,21:30,0.309M,-0.538M,-1.853M
2014-02-12T15:30Z,2014-02-12,21:00,-1.853M,-0.050M,0.505M
2014-02-05T15:30Z,2014-02-05,21:00,0.505M,1.483M,-0.819M
2014-01-29T15:30Z,2014-01-29,21:00,-0.819M,1.125M,2.123M
2014-01-23T16:00Z,2014-01-23,21:30,2.123M,2.081M,6.183M
2014-01-15T15:30Z,2014-01-15,21:00,6.183M,2.544M,6.243M
2014-01-08T15:30Z,2014-01-08,21:00,6.243M,2.275M,0.844M
2014-01-03T16:00Z,2014-01-03,21:30,0.844M,1.925M,-0.614M
2013-12-27T16:00Z,2013-12-27,21:30,-0.614M,1.260M,1.337M
2013-12-18T15:30Z,2013-12-18,21:00,1.337M,1.858M,6.717M
2013-12-11T15:30Z,2013-12-11,21:00,6.717M,1.793M,1.828M
2013-12-04T15:30Z,2013-12-04,21:00,1.828M,1.517M,1.751M
2013-11-27T15:30Z,2013-11-27,21:00,1.751M,0.257M,-0.345M
2013-11-20T15:30Z,2013-11-20,21:00,-0.345M,-0.256M,-0.838M
2013-11-14T16:00Z,2013-11-14,21:30,-0.838M,-0.694M,-3.755M
2013-11-06T15:30Z,2013-11-06,21:00,-3.755M,-0.338M,-1.713M
2013-10-30T14:30Z,2013-10-30,20:00,-1.713M,-0.139M,-1.805M
2013-10-23T14:30Z,2013-10-23,20:00,-1.805M,-0.250M,-2.570M
2013-10-21T14:30Z,2013-10-21,20:00,-2.570M,0.107M,0.149M
2013-10-09T14:30Z,2013-10-09,20:00,0.149M,1.314M,3.495M
2013-10-02T14:30Z,2013-10-02,20:00,3.495M,-0.640M,0.217M
2013-09-25T14:30Z,2013-09-25,20:00,0.217M,0.143M,-1.627M
2013-09-18T14:30Z,2013-09-18,20:00,-1.627M,0.338M,1.658M
2013-09-11T14:30Z,2013-09-11,20:00,1.658M,-1.250M,-1.827M
2013-09-05T15:00Z,2013-09-05,20:30,-1.827M,-0.313M,-0.587M
2013-08-28T14:30Z,2013-08-28,20:00,-0.587M,-1.192M,-4.029M
2013-08-21T14:30Z,2013-08-21,20:00,-4.029M,-1.486M,-1.169M
2013-08-14T14:30Z,2013-08-14,20:00,-1.169M,-0.822M,0.135M
2013-08-07T14:30Z,2013-08-07,20:00,0.135M,-0.763M,0.770M
2013-07-31T14:30Z,2013-07-31,20:00,0.770M,-0.838M,-1.389M
2013-07-24T14:30Z,2013-07-24,20:00,-1.389M,1.088M,3.055M
2013-07-17T14:30Z,2013-07-17,20:00,3.055M,-0.486M,-2.634M
2013-07-10T14:30Z,2013-07-10,20:00,-2.634M,1.160M,-1.719M
2013-07-03T14:30Z,2013-07-03,20:00,-1.719M,0.611M,3.653M
2013-06-26T14:30Z,2013-06-26,20:00,3.653M,0.855M,0.183M
2013-06-19T14:30Z,2013-06-19,20:00,0.183M,0.683M,2.748M
2013-06-12T14:30Z,2013-06-12,20:00,2.748M,0.644M,-0.366M
2013-06-05T14:30Z,2013-06-05,20:00,-0.366M,0.522M,-1.514M
2013-05-30T15:00Z,2013-05-30,20:30,-1.514M,0.061M,3.015M
2013-05-22T14:30Z,2013-05-22,20:00,3.015M,0.022M,2.588M
2013-05-15T14:30Z,2013-05-15,20:00,2.588M,-0.780M,-0.910M
2013-05-08T14:30Z,2013-05-08,20:00,-0.910M,-0.395M,-1.818M
2013-05-01T14:30Z,2013-05-01,20:00,-1.818M,-0.900M,-3.928M
2013-04-24T14:30Z,2013-04-24,20:00,-3.928M,-0.175M,-0.633M
2013-04-17T14:30Z,2013-04-17,20:00,-0.633M,-0.800M,1.699M
2013-04-10T14:30Z,2013-04-10,20:00,1.699M,-1.089M,-0.572M
2013-04-03T14:30Z,2013-04-03,20:00,-0.572M,-0.825M,-1.596M
2013-03-27T14:30Z,2013-03-27,20:00,-1.596M,-1.020M,-1.476M
2013-03-20T14:30Z,2013-03-20,20:00,-1.476M,-2.125M,-3.571M
2013-03-13T14:30Z,2013-03-13,20:00,-3.571M,-1.163M,-0.616M
2013-03-06T15:30Z,2013-03-06,21:00,-0.616M,-0.700M,-1.857M
2013-02-27T15:30Z,2013-02-27,21:00,-1.857M,-0.900M,-2.884M
2013-02-21T16:00Z,2013-02-21,21:30,-2.884M,-0.667M,-0.803M
2013-02-13T15:30Z,2013-02-13,21:00,-0.803M,0.267M,1.738M
2013-02-06T15:30Z,2013-02-06,21:00,1.738M,-0.043M,-0.956M
2013-01-30T15:30Z,2013-01-30,21:00,-0.956M,-0.108M,-1.738M
2013-01-24T16:00Z,2013-01-24,21:30,-1.738M,1.450M,1.910M
2013-01-16T15:30Z,2013-01-16,21:00,1.910M,2.929M,7.412M
2013-01-09T15:30Z,2013-01-09,21:00,7.412M,2.325M,2.569M
2013-01-04T16:00Z,2013-01-04,21:30,2.569M,1.956M,3.782M
2012-12-28T16:00Z,2012-12-28,21:30,3.782M,0.543M,2.207M
2012-12-19T15:30Z,2012-12-19,21:00,2.207M,1.844M,5.000M
2012-12-12T15:30Z,2012-12-12,21:00,5.000M,2.200M,7.860M
2012-12-05T15:30Z,2012-12-05,21:00,7.860M,1.767M,3.865M
2012-11-28T15:30Z,2012-11-28,21:00,3.865M,0.867M,-1.547M
2012-11-21T15:30Z,2012-11-21,21:00,-1.547M,1.010M,-0.440M
2012-11-15T16:00Z,2012-11-15,21:30,-0.440M,-0.843M,2.875M
2012-11-07T15:30Z,2012-11-07,21:00,2.875M,-1.010M,0.935M
2012-11-01T15:00Z,2012-11-01,20:30,0.935M,0.161M,1.439M
2012-10-24T14:30Z,2012-10-24,20:00,1.439M,0.673M,1.720M
2012-10-17T14:30Z,2012-10-17,20:00,1.720M,0.488M,-0.534M
2012-10-11T15:00Z,2012-10-11,20:30,-0.534M,0.025M,0.114M
2012-10-03T14:30Z,2012-10-03,20:00,0.114M,-0.635M,-0.481M
2012-09-26T14:30Z,2012-09-26,20:00,-0.481M,0.150M,-1.407M
2012-09-19T14:30Z,2012-09-19,20:00,-1.407M,1.229M,-1.177M
2012-09-12T14:30Z,2012-09-12,20:00,-1.177M,-1.600M,-2.334M
2012-09-06T15:00Z,2012-09-06,20:30,-2.334M,-3.400M,-1.509M
2012-08-29T14:30Z,2012-08-29,20:00,-1.509M,-1.420M,-0.962M
2012-08-22T14:30Z,2012-08-22,20:00,-0.962M,-0.725M,-2.371M
2012-08-15T14:30Z,2012-08-15,20:00,-2.371M,-1.485M,-1.801M
2012-08-08T14:30Z,2012-08-08,20:00,-1.801M,-1.067M,-2.174M
2012-08-01T14:30Z,2012-08-01,20:00,-2.174M,0.973M,4.134M
2012-07-25T14:30Z,2012-07-25,20:00,4.134M,-0.630M,-1.815M
2012-07-18T14:30Z,2012-07-18,20:00,-1.815M,1.163M,2.752M
2012-07-11T14:30Z,2012-07-11,20:00,2.752M,0.294M,0.151M
2012-07-05T15:00Z,2012-07-05,20:30,0.151M,0.593M,2.078M
2012-06-27T14:30Z,2012-06-27,20:00,2.078M,0.770M,0.943M
2012-06-20T14:30Z,2012-06-20,20:00,0.943M,0.810M,-1.724M
2012-06-13T14:30Z,2012-06-13,20:00,-1.724M,1.133M,3.346M
2012-06-06T14:30Z,2012-06-06,20:00,3.346M,0.708M,-0.833M
2012-05-31T15:00Z,2012-05-31,20:30,-0.833M,-0.833M,-3.299M
2012-05-23T14:30Z,2012-05-23,20:00,-3.299M,-0.471M,-2.797M
2012-05-16T14:30Z,2012-05-16,20:00,-2.797M,-0.491M,-2.613M
2012-05-09T14:30Z,2012-05-09,20:00,-2.613M,-0.046M,-2.009M
2012-05-02T14:30Z,2012-05-02,20:00,-2.009M,-0.772M,-2.235M
2012-04-25T14:30Z,2012-04-25,20:00,-2.235M,-0.925M,-3.671M
2012-04-18T14:30Z,2012-04-18,20:00,-3.671M,-0.931M,-4.277M
2012-04-11T14:30Z,2012-04-11,20:00,-4.277M,-1.344M,-1.457M
2012-04-04T14:30Z,2012-04-04,20:00,-1.457M,-1.400M,-3.537M
2012-03-28T14:30Z,2012-03-28,20:00,-3.537M,-1.700M,-1.200M
2012-03-21T14:30Z,2012-03-21,20:00,-1.200M,-2.000M,-1.400M
2012-03-14T14:30Z,2012-03-14,20:00,-1.400M,-1.000M,-0.400M
2012-03-07T15:30Z,2012-03-07,21:00,-0.400M,-2.000M,-1.600M
2012-02-29T15:30Z,2012-02-29,21:00,-1.600M,0.250M,-0.600M
2012-02-23T16:00Z,2012-02-23,21:30,-0.600M,-0.300M,0.400M
2012-02-15T15:30Z,2012-02-15,21:00,0.400M,0.700M,1.600M
2012-02-08T15:30Z,2012-02-08,21:00,1.600M,0.500M,3.000M
2012-02-01T15:30Z,2012-02-01,21:00,3.000M,1.000M,-0.400M
2012-01-25T15:30Z,2012-01-25,21:00,-0.400M,2.200M,3.700M
2012-01-19T16:00Z,2012-01-19,21:30,3.700M,2.350M,3.600M
2012-01-11T15:30Z,2012-01-11,21:00,3.600M,2.000M,2.500M
2012-01-05T16:00Z,2012-01-05,21:30,2.500M,1.000M,-0.700M
2011-12-29T16:00Z,2011-12-29,21:30,-0.700M,-0.500M,-0.400M
2011-12-21T15:30Z,2011-12-21,21:00,-0.400M,1.000M,3.800M
2011-12-14T15:30Z,2011-12-14,21:00,3.800M,1.000M,5.100M
2011-12-07T15:30Z,2011-12-07,21:00,5.100M,1.000M,0.200M
2011-11-30T15:30Z,2011-11-30,21:00,0.200M,1.100M,4.500M
2011-11-23T15:30Z,2011-11-23,21:00,4.500M,1.000M,1.000M
2011-11-16T15:30Z,2011-11-16,21:00,1.000M,-1.000M,-2.100M
2011-11-09T15:30Z,2011-11-09,21:00,-2.100M,-0.400M,1.400M
2011-11-02T14:30Z,2011-11-02,20:00,1.400M,-0.900M,-1.400M
2011-10-26T14:30Z,2011-10-26,20:00,-1.400M,-1.000M,-3.300M
2011-10-19T14:30Z,2011-10-19,20:00,-3.300M,-1.000M,-4.100M
2011-10-13T15:00Z,2011-10-13,20:30,-4.100M,0.100M,-1.100M
2011-10-05T14:30Z,2011-10-05,20:00,-1.100M,1.200M,0.800M
2011-09-28T14:30Z,2011-09-28,20:00,0.800M,1.100M,3.300M
2011-09-21T14:30Z,2011-09-21,20:00,3.300M,1.350M,1.900M
2011-09-14T14:30Z,2011-09-14,20:00,1.900M,-0.500M,0.200M
2011-09-08T15:00Z,2011-09-08,20:30,0.200M,-1.400M,-2.800M
2011-08-31T14:30Z,2011-08-31,20:00,-2.800M,-0.900M,1.400M
2011-08-24T14:30Z,2011-08-24,20:00,1.400M,-1.000M,-3.500M
2011-08-17T14:30Z,2011-08-17,20:00,-3.500M,-2.000M,-1.600M
2011-08-10T14:30Z,2011-08-10,20:00,-1.600M,0.900M,1.700M
2011-08-03T14:30Z,2011-08-03,20:00,1.700M,0.500M,1.000M
2011-07-27T14:30Z,2011-07-27,20:00,1.000M,0.400M,0.800M
2011-07-20T14:30Z,2011-07-20,20:00,0.800M,-0.100M,-0.800M
2011-07-13T14:30Z,2011-07-13,20:00,-0.800M,0.500M,-0.600M
2011-07-07T15:00Z,2011-07-07,20:30,-0.600M,0.800M,-1.400M
2011-06-29T14:30Z,2011-06-29,20:00,-1.400M,0.770M,-0.500M
2011-06-22T14:30Z,2011-06-22,20:00,-0.500M,0.800M,0.600M
2011-06-15T14:30Z,2011-06-15,20:00,0.600M,1.000M,2.200M
2011-06-08T14:30Z,2011-06-08,20:00,2.200M,1.000M,2.600M
2011-06-02T15:00Z,2011-06-02,20:30,2.600M,0.650M,3.800M
2011-05-25T14:30Z,2011-05-25,20:00,3.800M,0.400M,0.100M
2011-05-18T14:30Z,2011-05-18,20:00,0.100M,1.000M,1.300M
2011-05-11T14:30Z,2011-05-11,20:00,1.300M,-0.750M,-1.000M
2011-05-04T14:30Z,2011-05-04,20:00,-1.000M,-0.500M,-2.500M
2011-04-27T14:30Z,2011-04-27,20:00,-2.500M,-1.000M,-1.600M
2011-04-20T14:30Z,2011-04-20,20:00,-1.600M,-2.000M,-7.000M
2011-04-13T14:30Z,2011-04-13,20:00,-7.000M,-1.000M,-0.400M
2011-04-06T14:30Z,2011-04-06,20:00,-0.400M,-2.100M,-2.700M
2011-03-30T14:30Z,2011-03-30,20:00,-2.700M,-2.000M,-5.300M
2011-03-23T14:30Z,2011-03-23,20:00,-5.300M,-2.000M,-4.200M
2011-03-16T14:30Z,2011-03-16,20:00,-4.200M,-2.000M,-5.500M
2011-03-09T15:30Z,2011-03-09,21:00,-5.500M,-2.000M,-3.600M
2011-03-02T15:30Z,2011-03-02,21:00,-3.600M,-3.000M,-2.800M
2011-02-24T16:00Z,2011-02-24,21:30,-2.800M,0.300M,0.200M
2011-02-16T15:30Z,2011-02-16,21:00,0.200M,1.850M,4.700M
2011-02-09T15:30Z,2011-02-09,21:00,4.700M,3.000M,6.200M
2011-02-02T15:30Z,2011-02-02,21:00,6.200M,3.000M,2.400M
2011-01-26T15:30Z,2011-01-26,21:00,2.400M,2.200M,4.400M
2011-01-20T16:00Z,2011-01-20,21:30,4.400M,2.300M,5.100M
2011-01-12T15:30Z,2011-01-12,21:00,5.100M,2.100M,3.300M
2011-01-05T15:30Z,2011-01-05,21:00,3.300M,0.500M,-2.300M
2010-12-30T16:00Z,2010-12-30,21:30,-2.300M,1.500M,2.400M
2010-12-22T15:30Z,2010-12-22,21:00,2.400M,1.500M,0.800M
2010-12-15T15:30Z,2010-12-15,21:00,0.800M,2.000M,3.800M
2010-12-08T15:30Z,2010-12-08,21:00,3.800M,-0.300M,0.600M
2010-12-01T15:30Z,2010-12-01,21:00,0.600M,0.300M,1.900M
2010-11-24T15:30Z,2010-11-24,21:00,1.900M,-1.250M,-2.700M
2010-11-17T15:30Z,2010-11-17,21:00,-2.700M,-0.750M,-1.900M
2010-11-10T15:30Z,2010-11-10,21:00,-1.900M,-1.000M,-2.700M
2010-11-03T15:30Z,2010-11-03,21:00,-2.700M,0.000M,-4.400M
2010-10-27T15:30Z,2010-10-27,21:00,-4.400M,0.600M,1.200M
2010-09-01T09:00Z,2010-09-01,14:30,0.530M,,0.924M
2010-08-01T09:00Z,2010-08-01,14:30,0.924M,,-0.017M
2010-07-01T09:00Z,2010-07-01,14:30,-0.017M,,-1.419M
2010-06-01T09:00Z,2010-06-01,14:30,-1.419M,,0.357M
2010-05-01T09:00Z,2010-05-01,14:30,0.357M,,-1.863M
2010-04-01T09:00Z,2010-04-01,14:30,-1.863M,,0.956M
2010-03-01T09:00Z,2010-03-01,14:30,0.956M,,2.183M
2010-02-01T09:00Z,2010-02-01,14:30,2.183M,,0.961M
2010-01-01T09:00Z,2010-01-01,14:30,0.961M,,1.489M
2009-12-01T09:00Z,2009-12-01,14:30,1.489M,,-1.122M
2009-11-01T09:00Z,2009-11-01,14:30,-1.122M,,1.754M
2009-10-01T09:00Z,2009-10-01,14:30,1.754M,,-1.752M
2009-09-01T09:00Z,2009-09-01,14:30,-1.752M,,0.187M
2009-08-01T09:00Z,2009-08-01,14:30,0.187M,,1.999M
2009-07-01T09:00Z,2009-07-01,14:30,1.999M,,-2.209M
2009-06-01T09:00Z,2009-06-01,14:30,-2.209M,,-1.040M
2009-05-01T09:00Z,2009-05-01,14:30,-1.040M,,0.351M
2009-04-01T09:00Z,2009-04-01,14:30,0.351M,,-1.178M
2009-03-01T09:00Z,2009-03-01,14:30,-1.178M,,2.299M
2009-02-01T09:00Z,2009-02-01,14:30,2.299M,,2.426M
2009-01-01T09:00Z,2009-01-01,14:30,2.426M,,0.707M
2008-12-01T09:00Z,2008-12-01,14:30,0.707M,,2.957M
2008-11-01T09:00Z,2008-11-01,14:30,2.957M,,-2.703M
2008-10-01T09:00Z,2008-10-01,14:30,-2.703M,,-3.734M
2008-09-01T09:00Z,2008-09-01,14:30,-3.734M,,-0.207M
2008-08-01T09:00Z,2008-08-01,14:30,-0.207M,,0.464M
2008-07-01T09:00Z,2008-07-01,14:30,0.464M,,-0.563M
2008-06-01T09:00Z,2008-06-01,14:30,-0.563M,,-2.831M
2008-05-01T09:00Z,2008-05-01,14:30,-2.831M,,-2.442M
2008-04-01T09:00Z,2008-04-01,14:30,-2.442M,,1.787M
2008-03-01T09:00Z,2008-03-01,14:30,1.787M,,3.888M
2008-02-01T09:00Z,2008-02-01,14:30,3.888M,,1.967M
2008-01-01T09:00Z,2008-01-01,14:30,1.967M,,1.360M
2007-12-01T09:00Z,2007-12-01,14:30,1.360M,,0.721M
2007-11-01T09:00Z,2007-11-01,14:30,0.721M,,0.061M
2007-10-01T09:00Z,2007-10-01,14:30,0.061M,,-2.815M
2007-09-01T09:00Z,2007-09-01,14:30,-2.815M,,-0.091M
2007-08-01T09:00Z,2007-08-01,14:30,-0.091M,,0.857M
2007-07-01T09:00Z,2007-07-01,14:30,0.857M,,1.666M
2007-06-01T09:00Z,2007-06-01,14:30,1.666M,,-2.864M
2007-05-01T09:00Z,2007-05-01,14:30,-2.864M,,-2.892M
2007-04-01T09:00Z,2007-04-01,14:30,-2.892M,,-2.062M
2007-03-01T09:00Z,2007-03-01,14:30,-2.062M,,3.618M
2007-02-01T09:00Z,2007-02-01,14:30,3.618M,,2.213M
2007-01-01T09:00Z,2007-01-01,14:30,2.213M,,-0.942M
2006-12-01T09:00Z,2006-12-01,14:30,-0.942M,,-2.425M
2006-11-01T09:00Z,2006-11-01,14:30,-2.425M,,1.980M
2006-10-01T09:00Z,2006-10-01,14:30,1.980M,,-0.759M
2006-09-01T09:00Z,2006-09-01,14:30,-0.759M,,-0.679M
2006-08-01T09:00Z,2006-08-01,14:30,-0.679M,,0.720M
2006-07-01T09:00Z,2006-07-01,14:30,0.720M,,1.566M
2006-06-01T09:00Z,2006-06-01,14:30,1.566M,,-2.269M
2006-05-01T09:00Z,2006-05-01,14:30,-2.269M,,-2.966M
2006-04-01T09:00Z,2006-04-01,14:30,-2.966M,,1.166M
2006-03-01T09:00Z,2006-03-01,14:30,1.166M,,3.751M
2006-02-01T09:00Z,2006-02-01,14:30,3.751M,,0.624M
2006-01-01T09:00Z,2006-01-01,14:30,0.624M,,0.855M
2005-12-01T09:00Z,2005-12-01,14:30,0.855M,,0.546M
2005-11-01T09:00Z,2005-11-01,14:30,0.546M,,0.833M
2005-10-01T09:00Z,2005-10-01,14:30,0.833M,,-2.911M
2005-09-01T09:00Z,2005-09-01,14:30,-2.911M,,-2.449M
2005-08-01T09:00Z,2005-08-01,14:30,-2.449M,,-0.274M
2005-07-01T09:00Z,2005-07-01,14:30,-0.274M,,0.718M
2005-06-01T09:00Z,2005-06-01,14:30,0.718M,,0.199M
2005-05-01T09:00Z,2005-05-01,14:30,0.199M,,-2.559M
2005-04-01T09:00Z,2005-04-01,14:30,-2.559M,,2.004M
2005-03-01T09:00Z,2005-03-01,14:30,2.004M,,0.500M
2005-02-01T09:00Z,2005-02-01,14:30,0.500M,,1.662M
2005-01-01T09:00Z,2005-01-01,14:30,1.662M,,1.138M
2004-12-01T09:00Z,2004-12-01,14:30,1.138M,,0.563M
2004-11-01T09:00Z,2004-11-01,14:30,0.563M,,-1.420M
2004-10-01T09:00Z,2004-10-01,14:30,-1.420M,,-1.034M
2004-09-01T09:00Z,2004-09-01,14:30,-1.034M,,0.996M
2004-08-01T09:00Z,2004-08-01,14:30,0.996M,,0.231M
2004-07-01T09:00Z,2004-07-01,14:30,0.231M,,0.170M
2004-06-01T09:00Z,2004-06-01,14:30,0.170M,,0.820M
2004-05-01T09:00Z,2004-05-01,14:30,0.820M,,-0.353M
2004-04-01T09:00Z,2004-04-01,14:30,-0.353M,,-0.895M
2004-03-01T09:00Z,2004-03-01,14:30,-0.895M,,0.082M
2004-02-01T09:00Z,2004-02-01,14:30,0.082M,,1.766M
2004-01-01T09:00Z,2004-01-01,14:30,1.766M,,1.444M
2003-12-01T09:00Z,2003-12-01,14:30,1.444M,,-1.601M
2003-11-01T09:00Z,2003-11-01,14:30,-1.601M,,1.546M
2003-10-01T09:00Z,2003-10-01,14:30,1.546M,,-2.483M
2003-09-01T09:00Z,2003-09-01,14:30,-2.483M,,-0.595M
2003-08-01T09:00Z,2003-08-01,14:30,-0.595M,,-0.528M
2003-07-01T09:00Z,2003-07-01,14:30,-0.528M,,0.084M
2003-06-01T09:00Z,2003-06-01,14:30,0.084M,,1.341M
2003-05-01T09:00Z,2003-05-01,14:30,1.341M,,-1.208M
2003-04-01T09:00Z,2003-04-01,14:30,-1.208M,,-0.882M
2003-03-01T09:00Z,2003-03-01,14:30,-0.882M,,0.589M
2003-02-01T09:00Z,2003-02-01,14:30,0.589M,,1.578M
2003-01-01T09:00Z,2003-01-01,14:30,1.578M,,1.758M
2002-12-01T09:00Z,2002-12-01,14:30,1.758M,,-3.307M
2002-11-01T09:00Z,2002-11-01,14:30,-3.307M,,0.586M
2002-10-01T09:00Z,2002-10-01,14:30,0.586M,,-1.543M
2002-09-01T09:00Z,2002-09-01,14:30,-1.543M,,-0.938M
2002-08-01T09:00Z,2002-08-01,14:30,-0.938M,,0.130M
2002-07-01T09:00Z,2002-07-01,14:30,0.130M,,0.675M
2002-06-01T09:00Z,2002-06-01,14:30,0.675M,,0.293M
2002-05-01T09:00Z,2002-05-01,14:30,0.293M,,-0.421M
2002-04-01T09:00Z,2002-04-01,14:30,-0.421M,,-0.781M
2002-03-01T09:00Z,2002-03-01,14:30,-0.781M,,1.856M
2002-02-01T09:00Z,2002-02-01,14:30,1.856M,,-1.005M
2002-01-01T09:00Z,2002-01-01,14:30,-1.005M,,1.048M
2001-12-01T09:00Z,2001-12-01,14:30,1.048M,,0.778M
2001-11-01T09:00Z,2001-11-01,14:30,0.778M,,2.306M
2001-10-01T09:00Z,2001-10-01,14:30,2.306M,,-3.307M
2001-09-01T09:00Z,2001-09-01,14:30,-3.307M,,-2.666M
2001-08-01T09:00Z,2001-08-01,14:30,-2.666M,,2.813M
2001-07-01T09:00Z,2001-07-01,14:30,2.813M,,2.312M
2001-06-01T09:00Z,2001-06-01,14:30,2.312M,,1.464M
2001-05-01T09:00Z,2001-05-01,14:30,1.464M,,-2.408M
2001-04-01T09:00Z,2001-04-01,14:30,-2.408M,,-0.248M
2001-03-01T09:00Z,2001-03-01,14:30,-0.248M,,2.359M
2001-02-01T09:00Z,2001-02-01,14:30,2.359M,,-0.156M
2001-01-01T09:00Z,2001-01-01,14:30,-0.156M,,1.616M
2000-12-01T09:00Z,2000-12-01,14:30,1.616M,,-1.887M
2000-11-01T09:00Z,2000-11-01,14:30,-1.887M,,-0.012M
2000-10-01T09:00Z,2000-10-01,14:30,-0.012M,,-2.227M
2000-09-01T09:00Z,2000-09-01,14:30,-2.227M,,0.333M
2000-08-01T09:00Z,2000-08-01,14:30,0.333M,,0.746M
2000-07-01T09:00Z,2000-07-01,14:30,0.746M,,-0.275M
2000-06-01T09:00Z,2000-06-01,14:30,-0.275M,,-0.326M
2000-05-01T09:00Z,2000-05-01,14:30,-0.326M,,1.197M
2000-04-01T09:00Z,2000-04-01,14:30,1.197M,,-0.725M
2000-03-01T09:00Z,2000-03-01,14:30,-0.725M,,2.226M
2000-02-01T09:00Z,2000-02-01,14:30,2.226M,,-0.283M
2000-01-01T09:00Z,2000-01-01,14:30,-0.283M,,-1.026M
1999-12-01T09:00Z,1999-12-01,14:30,-1.026M,,-0.729M
1999-11-01T09:00Z,1999-11-01,14:30,-0.729M,,0.270M
1999-10-01T09:00Z,1999-10-01,14:30,0.270M,,-1.020M
1999-09-01T09:00Z,1999-09-01,14:30,-1.020M,,-2.679M
1999-08-01T09:00Z,1999-08-01,14:30,-2.679M,,-1.741M
1999-07-01T09:00Z,1999-07-01,14:30,-1.741M,,1.244M
1999-06-01T09:00Z,1999-06-01,14:30,1.244M,,0.912M
1999-05-01T09:00Z,1999-05-01,14:30,0.912M,,-2.831M
1999-04-01T09:00Z,1999-04-01,14:30,-2.831M,,1.083M
1999-03-01T09:00Z,1999-03-01,14:30,1.083M,,2.961M
1999-02-01T09:00Z,1999-02-01,14:30,2.961M,,0.967M
1999-01-01T09:00Z,1999-01-01,14:30,0.967M,,1.427M
1998-12-01T09:00Z,1998-12-01,14:30,1.427M,,-1.605M
1998-11-01T09:00Z,1998-11-01,14:30,-1.605M,,-0.336M
1998-10-01T09:00Z,1998-10-01,14:30,-0.336M,,-1.668M
1998-09-01T09:00Z,1998-09-01,14:30,-1.668M,,-1.081M
1998-08-01T09:00Z,1998-08-01,14:30,-1.081M,,0.578M
1998-07-01T09:00Z,1998-07-01,14:30,0.578M,,1.410M
1998-06-01T09:00Z,1998-06-01,14:30,1.410M,,-0.211M
1998-05-01T09:00Z,1998-05-01,14:30,-0.211M,,-1.515M
1998-04-01T09:00Z,1998-04-01,14:30,-1.515M,,0.480M
1998-03-01T09:00Z,1998-03-01,14:30,0.480M,,2.234M
1998-02-01T09:00Z,1998-02-01,14:30,2.234M,,1.883M
1998-01-01T09:00Z,1998-01-01,14:30,1.883M,,0.453M
1997-12-01T09:00Z,1997-12-01,14:30,0.453M,,0.270M
1997-11-01T09:00Z,1997-11-01,14:30,0.270M,,2.460M
1997-10-01T09:00Z,1997-10-01,14:30,2.460M,,-1.342M
1997-09-01T09:00Z,1997-09-01,14:30,-1.342M,,-2.773M
1997-08-01T09:00Z,1997-08-01,14:30,-2.773M,,0.768M
1997-07-01T09:00Z,1997-07-01,14:30,0.768M,,1.405M
1997-06-01T09:00Z,1997-06-01,14:30,1.405M,,-0.486M
1997-05-01T09:00Z,1997-05-01,14:30,-0.486M,,-1.553M
1997-04-01T09:00Z,1997-04-01,14:30,-1.553M,,-0.936M
1997-03-01T09:00Z,1997-03-01,14:30,-0.936M,,2.706M
1997-02-01T09:00Z,1997-02-01,14:30,2.706M,,0.914M
1997-01-01T09:00Z,1997-01-01,14:30,0.914M,,-0.223M
1996-12-01T09:00Z,1996-12-01,14:30,-0.223M,,-1.338M
1996-11-01T09:00Z,1996-11-01,14:30,-1.338M,,1.112M
