fetched_at_utc,series,release_date,release_time_gmt,actual,forecast,previous,unit,occurrence_id
2026-10-07T10:00:34Z,api_crude,2026-10-14,20:30,,,-2.09,M,558780
2026-10-07T10:00:34Z,crude_stocks,2026-10-07,14:30,,1.9,0.922,M,558550
2026-10-07T10:00:34Z,distillates,2026-10-07,14:30,,,-2.251,M,558556
2026-10-07T10:00:34Z,gas_storage,2026-10-15,14:30,,,,B,558723
2026-10-07T10:00:34Z,gas_storage,2026-10-08,14:30,,,64,B,558353
2026-10-07T10:00:34Z,gasoline,2026-10-07,14:30,,,-1.684,M,558555
2026-10-07T10:18:30Z,crude_stocks,2026-10-07,14:30,,1.9,0.922,M,558550
2026-10-07T10:21:39Z,crude_stocks,2026-10-07,14:30,,1.9,0.922,M,558550
2026-10-07T10:25:26Z,gas_storage,2026-10-15,14:30,,,,B,558723
2026-10-07T10:25:26Z,gas_storage,2026-10-08,14:30,,79,64,B,558353
2026-10-07T10:28:40Z,gas_storage,2026-10-15,14:30,,,,B,558723
2026-10-07T10:28:40Z,gas_storage,2026-10-08,14:30,,79,64,B,558353
2026-10-07T10:28:40Z,api_crude,2026-10-14,20:30,,,-2.09,M,558780
2026-10-07T10:28:40Z,gasoline,2026-10-07,14:30,,,-1.684,M,558555
2026-10-07T10:28:40Z,distillates,2026-10-07,14:30,,,-2.251,M,558556
2026-10-07T10:46:21Z,api_crude,2026-10-14,20:30,,,-2.09,M,558780
2026-10-07T10:49:07Z,api_crude,2026-10-14,20:30,,,-2.09,M,558780
